"Dish.ID","Species","Dish.Number","Length","Temperature","Moisture","Units","timeBef","timeAf","count","nCum","propCum"
"1-FH","FH","1","3M","MF","PR",2,0,1,0,0,0
"1-FH","FH","1","3M","MF","PR",2,1,6,4,4,0.285714285714286
"1-FH","FH","1","3M","MF","PR",2,6,9,4,8,0.571428571428571
"1-FH","FH","1","3M","MF","PR",2,9,12,2,10,0.714285714285714
"1-FH","FH","1","3M","MF","PR",2,12,14,0,10,0.714285714285714
"1-FH","FH","1","3M","MF","PR",2,14,16,0,10,0.714285714285714
"1-FH","FH","1","3M","MF","PR",2,16,19,0,10,0.714285714285714
"1-FH","FH","1","3M","MF","PR",2,19,21,0,10,0.714285714285714
"1-FH","FH","1","3M","MF","PR",2,21,23,0,10,0.714285714285714
"1-FH","FH","1","3M","MF","PR",2,23,26,0,10,0.714285714285714
"1-FH","FH","1","3M","MF","PR",2,26,30,0,10,0.714285714285714
"1-FH","FH","1","3M","MF","PR",2,30,34,0,10,0.714285714285714
"1-FH","FH","1","3M","MF","PR",2,34,37,0,10,0.714285714285714
"1-FH","FH","1","3M","MF","PR",2,37,41,0,10,0.714285714285714
"1-FH","FH","1","3M","MF","PR",2,41,43,0,10,0.714285714285714
"1-FH","FH","1","3M","MF","PR",2,43,Inf,4,NA,NA
"2-FH","FH","2","3M","MF","PR",4,0,1,0,0,0
"2-FH","FH","2","3M","MF","PR",4,1,6,1,1,0.0833333333333333
"2-FH","FH","2","3M","MF","PR",4,6,9,4,5,0.416666666666667
"2-FH","FH","2","3M","MF","PR",4,9,12,5,10,0.833333333333333
"2-FH","FH","2","3M","MF","PR",4,12,14,0,10,0.833333333333333
"2-FH","FH","2","3M","MF","PR",4,14,16,0,10,0.833333333333333
"2-FH","FH","2","3M","MF","PR",4,16,19,0,10,0.833333333333333
"2-FH","FH","2","3M","MF","PR",4,19,21,0,10,0.833333333333333
"2-FH","FH","2","3M","MF","PR",4,21,23,0,10,0.833333333333333
"2-FH","FH","2","3M","MF","PR",4,23,26,0,10,0.833333333333333
"2-FH","FH","2","3M","MF","PR",4,26,30,0,10,0.833333333333333
"2-FH","FH","2","3M","MF","PR",4,30,34,0,10,0.833333333333333
"2-FH","FH","2","3M","MF","PR",4,34,37,0,10,0.833333333333333
"2-FH","FH","2","3M","MF","PR",4,37,41,0,10,0.833333333333333
"2-FH","FH","2","3M","MF","PR",4,41,43,0,10,0.833333333333333
"2-FH","FH","2","3M","MF","PR",4,43,Inf,2,NA,NA
"3-FH","FH","3","3M","RT","PR",6,0,1,0,0,0
"3-FH","FH","3","3M","RT","PR",6,1,6,0,0,0
"3-FH","FH","3","3M","RT","PR",6,6,9,3,3,0.25
"3-FH","FH","3","3M","RT","PR",6,9,12,0,3,0.25
"3-FH","FH","3","3M","RT","PR",6,12,14,1,4,0.333333333333333
"3-FH","FH","3","3M","RT","PR",6,14,16,0,4,0.333333333333333
"3-FH","FH","3","3M","RT","PR",6,16,19,0,4,0.333333333333333
"3-FH","FH","3","3M","RT","PR",6,19,21,0,4,0.333333333333333
"3-FH","FH","3","3M","RT","PR",6,21,23,0,4,0.333333333333333
"3-FH","FH","3","3M","RT","PR",6,23,26,0,4,0.333333333333333
"3-FH","FH","3","3M","RT","PR",6,26,30,0,4,0.333333333333333
"3-FH","FH","3","3M","RT","PR",6,30,34,0,4,0.333333333333333
"3-FH","FH","3","3M","RT","PR",6,34,37,0,4,0.333333333333333
"3-FH","FH","3","3M","RT","PR",6,37,41,1,5,0.416666666666667
"3-FH","FH","3","3M","RT","PR",6,41,43,0,5,0.416666666666667
"3-FH","FH","3","3M","RT","PR",6,43,Inf,7,NA,NA
"4-FH","FH","4","5M","DF","NS",8,0,1,0,0,0
"4-FH","FH","4","5M","DF","NS",8,1,6,3,3,0.2
"4-FH","FH","4","5M","DF","NS",8,6,9,1,4,0.266666666666667
"4-FH","FH","4","5M","DF","NS",8,9,12,7,11,0.733333333333333
"4-FH","FH","4","5M","DF","NS",8,12,14,0,11,0.733333333333333
"4-FH","FH","4","5M","DF","NS",8,14,16,0,11,0.733333333333333
"4-FH","FH","4","5M","DF","NS",8,16,19,0,11,0.733333333333333
"4-FH","FH","4","5M","DF","NS",8,19,21,0,11,0.733333333333333
"4-FH","FH","4","5M","DF","NS",8,21,23,0,11,0.733333333333333
"4-FH","FH","4","5M","DF","NS",8,23,26,0,11,0.733333333333333
"4-FH","FH","4","5M","DF","NS",8,26,30,0,11,0.733333333333333
"4-FH","FH","4","5M","DF","NS",8,30,34,0,11,0.733333333333333
"4-FH","FH","4","5M","DF","NS",8,34,37,0,11,0.733333333333333
"4-FH","FH","4","5M","DF","NS",8,37,41,0,11,0.733333333333333
"4-FH","FH","4","5M","DF","NS",8,41,43,0,11,0.733333333333333
"4-FH","FH","4","5M","DF","NS",8,43,Inf,4,NA,NA
"5-FH","FH","5","3M","DF","PO",10,0,1,0,0,0
"5-FH","FH","5","3M","DF","PO",10,1,6,0,0,0
"5-FH","FH","5","3M","DF","PO",10,6,9,5,5,0.357142857142857
"5-FH","FH","5","3M","DF","PO",10,9,12,2,7,0.5
"5-FH","FH","5","3M","DF","PO",10,12,14,2,9,0.642857142857143
"5-FH","FH","5","3M","DF","PO",10,14,16,0,9,0.642857142857143
"5-FH","FH","5","3M","DF","PO",10,16,19,0,9,0.642857142857143
"5-FH","FH","5","3M","DF","PO",10,19,21,0,9,0.642857142857143
"5-FH","FH","5","3M","DF","PO",10,21,23,0,9,0.642857142857143
"5-FH","FH","5","3M","DF","PO",10,23,26,1,10,0.714285714285714
"5-FH","FH","5","3M","DF","PO",10,26,30,0,10,0.714285714285714
"5-FH","FH","5","3M","DF","PO",10,30,34,0,10,0.714285714285714
"5-FH","FH","5","3M","DF","PO",10,34,37,0,10,0.714285714285714
"5-FH","FH","5","3M","DF","PO",10,37,41,0,10,0.714285714285714
"5-FH","FH","5","3M","DF","PO",10,41,43,0,10,0.714285714285714
"5-FH","FH","5","3M","DF","PO",10,43,Inf,4,NA,NA
"6-FH","FH","6","5M","DF","PR",12,0,1,0,0,0
"6-FH","FH","6","5M","DF","PR",12,1,6,1,1,0.0769230769230769
"6-FH","FH","6","5M","DF","PR",12,6,9,7,8,0.615384615384615
"6-FH","FH","6","5M","DF","PR",12,9,12,3,11,0.846153846153846
"6-FH","FH","6","5M","DF","PR",12,12,14,0,11,0.846153846153846
"6-FH","FH","6","5M","DF","PR",12,14,16,0,11,0.846153846153846
"6-FH","FH","6","5M","DF","PR",12,16,19,0,11,0.846153846153846
"6-FH","FH","6","5M","DF","PR",12,19,21,0,11,0.846153846153846
"6-FH","FH","6","5M","DF","PR",12,21,23,0,11,0.846153846153846
"6-FH","FH","6","5M","DF","PR",12,23,26,0,11,0.846153846153846
"6-FH","FH","6","5M","DF","PR",12,26,30,0,11,0.846153846153846
"6-FH","FH","6","5M","DF","PR",12,30,34,0,11,0.846153846153846
"6-FH","FH","6","5M","DF","PR",12,34,37,0,11,0.846153846153846
"6-FH","FH","6","5M","DF","PR",12,37,41,0,11,0.846153846153846
"6-FH","FH","6","5M","DF","PR",12,41,43,0,11,0.846153846153846
"6-FH","FH","6","5M","DF","PR",12,43,Inf,2,NA,NA
"7-FH","FH","7","1M","FR","PO",14,0,1,0,0,0
"7-FH","FH","7","1M","FR","PO",14,1,6,0,0,0
"7-FH","FH","7","1M","FR","PO",14,6,9,7,7,0.466666666666667
"7-FH","FH","7","1M","FR","PO",14,9,12,1,8,0.533333333333333
"7-FH","FH","7","1M","FR","PO",14,12,14,2,10,0.666666666666667
"7-FH","FH","7","1M","FR","PO",14,14,16,0,10,0.666666666666667
"7-FH","FH","7","1M","FR","PO",14,16,19,1,11,0.733333333333333
"7-FH","FH","7","1M","FR","PO",14,19,21,0,11,0.733333333333333
"7-FH","FH","7","1M","FR","PO",14,21,23,0,11,0.733333333333333
"7-FH","FH","7","1M","FR","PO",14,23,26,0,11,0.733333333333333
"7-FH","FH","7","1M","FR","PO",14,26,30,0,11,0.733333333333333
"7-FH","FH","7","1M","FR","PO",14,30,34,0,11,0.733333333333333
"7-FH","FH","7","1M","FR","PO",14,34,37,0,11,0.733333333333333
"7-FH","FH","7","1M","FR","PO",14,37,41,0,11,0.733333333333333
"7-FH","FH","7","1M","FR","PO",14,41,43,0,11,0.733333333333333
"7-FH","FH","7","1M","FR","PO",14,43,Inf,4,NA,NA
"8-FH","FH","8","1M","MF","PR",16,0,1,0,0,0
"8-FH","FH","8","1M","MF","PR",16,1,6,1,1,0.0909090909090909
"8-FH","FH","8","1M","MF","PR",16,6,9,4,5,0.454545454545455
"8-FH","FH","8","1M","MF","PR",16,9,12,0,5,0.454545454545455
"8-FH","FH","8","1M","MF","PR",16,12,14,0,5,0.454545454545455
"8-FH","FH","8","1M","MF","PR",16,14,16,0,5,0.454545454545455
"8-FH","FH","8","1M","MF","PR",16,16,19,0,5,0.454545454545455
"8-FH","FH","8","1M","MF","PR",16,19,21,0,5,0.454545454545455
"8-FH","FH","8","1M","MF","PR",16,21,23,0,5,0.454545454545455
"8-FH","FH","8","1M","MF","PR",16,23,26,0,5,0.454545454545455
"8-FH","FH","8","1M","MF","PR",16,26,30,0,5,0.454545454545455
"8-FH","FH","8","1M","MF","PR",16,30,34,0,5,0.454545454545455
"8-FH","FH","8","1M","MF","PR",16,34,37,0,5,0.454545454545455
"8-FH","FH","8","1M","MF","PR",16,37,41,0,5,0.454545454545455
"8-FH","FH","8","1M","MF","PR",16,41,43,0,5,0.454545454545455
"8-FH","FH","8","1M","MF","PR",16,43,Inf,6,NA,NA
"9-FH","FH","9","3M","MF","NS",18,0,1,0,0,0
"9-FH","FH","9","3M","MF","NS",18,1,6,0,0,0
"9-FH","FH","9","3M","MF","NS",18,6,9,5,5,0.357142857142857
"9-FH","FH","9","3M","MF","NS",18,9,12,4,9,0.642857142857143
"9-FH","FH","9","3M","MF","NS",18,12,14,0,9,0.642857142857143
"9-FH","FH","9","3M","MF","NS",18,14,16,0,9,0.642857142857143
"9-FH","FH","9","3M","MF","NS",18,16,19,1,10,0.714285714285714
"9-FH","FH","9","3M","MF","NS",18,19,21,0,10,0.714285714285714
"9-FH","FH","9","3M","MF","NS",18,21,23,0,10,0.714285714285714
"9-FH","FH","9","3M","MF","NS",18,23,26,0,10,0.714285714285714
"9-FH","FH","9","3M","MF","NS",18,26,30,0,10,0.714285714285714
"9-FH","FH","9","3M","MF","NS",18,30,34,0,10,0.714285714285714
"9-FH","FH","9","3M","MF","NS",18,34,37,0,10,0.714285714285714
"9-FH","FH","9","3M","MF","NS",18,37,41,0,10,0.714285714285714
"9-FH","FH","9","3M","MF","NS",18,41,43,0,10,0.714285714285714
"9-FH","FH","9","3M","MF","NS",18,43,Inf,4,NA,NA
"10-FH","FH","10","1M","MF","NS",20,0,1,0,0,0
"10-FH","FH","10","1M","MF","NS",20,1,6,1,1,0.0769230769230769
"10-FH","FH","10","1M","MF","NS",20,6,9,5,6,0.461538461538462
"10-FH","FH","10","1M","MF","NS",20,9,12,6,12,0.923076923076923
"10-FH","FH","10","1M","MF","NS",20,12,14,0,12,0.923076923076923
"10-FH","FH","10","1M","MF","NS",20,14,16,0,12,0.923076923076923
"10-FH","FH","10","1M","MF","NS",20,16,19,0,12,0.923076923076923
"10-FH","FH","10","1M","MF","NS",20,19,21,0,12,0.923076923076923
"10-FH","FH","10","1M","MF","NS",20,21,23,0,12,0.923076923076923
"10-FH","FH","10","1M","MF","NS",20,23,26,0,12,0.923076923076923
"10-FH","FH","10","1M","MF","NS",20,26,30,0,12,0.923076923076923
"10-FH","FH","10","1M","MF","NS",20,30,34,0,12,0.923076923076923
"10-FH","FH","10","1M","MF","NS",20,34,37,0,12,0.923076923076923
"10-FH","FH","10","1M","MF","NS",20,37,41,0,12,0.923076923076923
"10-FH","FH","10","1M","MF","NS",20,41,43,0,12,0.923076923076923
"10-FH","FH","10","1M","MF","NS",20,43,Inf,1,NA,NA
"11-FH","FH","11","5M","DF","PO",22,0,1,0,0,0
"11-FH","FH","11","5M","DF","PO",22,1,6,1,1,0.0625
"11-FH","FH","11","5M","DF","PO",22,6,9,14,15,0.9375
"11-FH","FH","11","5M","DF","PO",22,9,12,1,16,1
"11-FH","FH","11","5M","DF","PO",22,12,14,0,16,1
"11-FH","FH","11","5M","DF","PO",22,14,16,0,16,1
"11-FH","FH","11","5M","DF","PO",22,16,19,0,16,1
"11-FH","FH","11","5M","DF","PO",22,19,21,0,16,1
"11-FH","FH","11","5M","DF","PO",22,21,23,0,16,1
"11-FH","FH","11","5M","DF","PO",22,23,26,0,16,1
"11-FH","FH","11","5M","DF","PO",22,26,30,0,16,1
"11-FH","FH","11","5M","DF","PO",22,30,34,0,16,1
"11-FH","FH","11","5M","DF","PO",22,34,37,0,16,1
"11-FH","FH","11","5M","DF","PO",22,37,41,0,16,1
"11-FH","FH","11","5M","DF","PO",22,41,43,0,16,1
"11-FH","FH","11","5M","DF","PO",22,43,Inf,0,NA,NA
"12-FH","FH","12","3M","FR","NS",24,0,1,0,0,0
"12-FH","FH","12","3M","FR","NS",24,1,6,0,0,0
"12-FH","FH","12","3M","FR","NS",24,6,9,6,6,0.428571428571429
"12-FH","FH","12","3M","FR","NS",24,9,12,2,8,0.571428571428571
"12-FH","FH","12","3M","FR","NS",24,12,14,2,10,0.714285714285714
"12-FH","FH","12","3M","FR","NS",24,14,16,0,10,0.714285714285714
"12-FH","FH","12","3M","FR","NS",24,16,19,0,10,0.714285714285714
"12-FH","FH","12","3M","FR","NS",24,19,21,0,10,0.714285714285714
"12-FH","FH","12","3M","FR","NS",24,21,23,0,10,0.714285714285714
"12-FH","FH","12","3M","FR","NS",24,23,26,0,10,0.714285714285714
"12-FH","FH","12","3M","FR","NS",24,26,30,0,10,0.714285714285714
"12-FH","FH","12","3M","FR","NS",24,30,34,0,10,0.714285714285714
"12-FH","FH","12","3M","FR","NS",24,34,37,0,10,0.714285714285714
"12-FH","FH","12","3M","FR","NS",24,37,41,0,10,0.714285714285714
"12-FH","FH","12","3M","FR","NS",24,41,43,0,10,0.714285714285714
"12-FH","FH","12","3M","FR","NS",24,43,Inf,4,NA,NA
"13-FH","FH","13","5M","MF","PR",26,0,1,0,0,0
"13-FH","FH","13","5M","MF","PR",26,1,6,1,1,0.0769230769230769
"13-FH","FH","13","5M","MF","PR",26,6,9,4,5,0.384615384615385
"13-FH","FH","13","5M","MF","PR",26,9,12,2,7,0.538461538461538
"13-FH","FH","13","5M","MF","PR",26,12,14,0,7,0.538461538461538
"13-FH","FH","13","5M","MF","PR",26,14,16,0,7,0.538461538461538
"13-FH","FH","13","5M","MF","PR",26,16,19,0,7,0.538461538461538
"13-FH","FH","13","5M","MF","PR",26,19,21,0,7,0.538461538461538
"13-FH","FH","13","5M","MF","PR",26,21,23,0,7,0.538461538461538
"13-FH","FH","13","5M","MF","PR",26,23,26,0,7,0.538461538461538
"13-FH","FH","13","5M","MF","PR",26,26,30,0,7,0.538461538461538
"13-FH","FH","13","5M","MF","PR",26,30,34,0,7,0.538461538461538
"13-FH","FH","13","5M","MF","PR",26,34,37,0,7,0.538461538461538
"13-FH","FH","13","5M","MF","PR",26,37,41,0,7,0.538461538461538
"13-FH","FH","13","5M","MF","PR",26,41,43,0,7,0.538461538461538
"13-FH","FH","13","5M","MF","PR",26,43,Inf,6,NA,NA
"14-FH","FH","14","1M","DF","PR",28,0,1,0,0,0
"14-FH","FH","14","1M","DF","PR",28,1,6,1,1,0.0833333333333333
"14-FH","FH","14","1M","DF","PR",28,6,9,5,6,0.5
"14-FH","FH","14","1M","DF","PR",28,9,12,3,9,0.75
"14-FH","FH","14","1M","DF","PR",28,12,14,0,9,0.75
"14-FH","FH","14","1M","DF","PR",28,14,16,0,9,0.75
"14-FH","FH","14","1M","DF","PR",28,16,19,0,9,0.75
"14-FH","FH","14","1M","DF","PR",28,19,21,0,9,0.75
"14-FH","FH","14","1M","DF","PR",28,21,23,0,9,0.75
"14-FH","FH","14","1M","DF","PR",28,23,26,0,9,0.75
"14-FH","FH","14","1M","DF","PR",28,26,30,0,9,0.75
"14-FH","FH","14","1M","DF","PR",28,30,34,0,9,0.75
"14-FH","FH","14","1M","DF","PR",28,34,37,0,9,0.75
"14-FH","FH","14","1M","DF","PR",28,37,41,0,9,0.75
"14-FH","FH","14","1M","DF","PR",28,41,43,0,9,0.75
"14-FH","FH","14","1M","DF","PR",28,43,Inf,3,NA,NA
"15-FH","FH","15","5M","FR","PO",30,0,1,0,0,0
"15-FH","FH","15","5M","FR","PO",30,1,6,0,0,0
"15-FH","FH","15","5M","FR","PO",30,6,9,14,14,0.875
"15-FH","FH","15","5M","FR","PO",30,9,12,2,16,1
"15-FH","FH","15","5M","FR","PO",30,12,14,0,16,1
"15-FH","FH","15","5M","FR","PO",30,14,16,0,16,1
"15-FH","FH","15","5M","FR","PO",30,16,19,0,16,1
"15-FH","FH","15","5M","FR","PO",30,19,21,0,16,1
"15-FH","FH","15","5M","FR","PO",30,21,23,0,16,1
"15-FH","FH","15","5M","FR","PO",30,23,26,0,16,1
"15-FH","FH","15","5M","FR","PO",30,26,30,0,16,1
"15-FH","FH","15","5M","FR","PO",30,30,34,0,16,1
"15-FH","FH","15","5M","FR","PO",30,34,37,0,16,1
"15-FH","FH","15","5M","FR","PO",30,37,41,0,16,1
"15-FH","FH","15","5M","FR","PO",30,41,43,0,16,1
"15-FH","FH","15","5M","FR","PO",30,43,Inf,0,NA,NA
"16-FH","FH","16","5M","FR","NS",32,0,1,0,0,0
"16-FH","FH","16","5M","FR","NS",32,1,6,2,2,0.133333333333333
"16-FH","FH","16","5M","FR","NS",32,6,9,9,11,0.733333333333333
"16-FH","FH","16","5M","FR","NS",32,9,12,2,13,0.866666666666667
"16-FH","FH","16","5M","FR","NS",32,12,14,1,14,0.933333333333333
"16-FH","FH","16","5M","FR","NS",32,14,16,0,14,0.933333333333333
"16-FH","FH","16","5M","FR","NS",32,16,19,0,14,0.933333333333333
"16-FH","FH","16","5M","FR","NS",32,19,21,0,14,0.933333333333333
"16-FH","FH","16","5M","FR","NS",32,21,23,0,14,0.933333333333333
"16-FH","FH","16","5M","FR","NS",32,23,26,0,14,0.933333333333333
"16-FH","FH","16","5M","FR","NS",32,26,30,0,14,0.933333333333333
"16-FH","FH","16","5M","FR","NS",32,30,34,0,14,0.933333333333333
"16-FH","FH","16","5M","FR","NS",32,34,37,0,14,0.933333333333333
"16-FH","FH","16","5M","FR","NS",32,37,41,0,14,0.933333333333333
"16-FH","FH","16","5M","FR","NS",32,41,43,0,14,0.933333333333333
"16-FH","FH","16","5M","FR","NS",32,43,Inf,1,NA,NA
"17-FH","FH","17","3M","MF","PR",34,0,1,0,0,0
"17-FH","FH","17","3M","MF","PR",34,1,6,0,0,0
"17-FH","FH","17","3M","MF","PR",34,6,9,5,5,0.454545454545455
"17-FH","FH","17","3M","MF","PR",34,9,12,2,7,0.636363636363636
"17-FH","FH","17","3M","MF","PR",34,12,14,1,8,0.727272727272727
"17-FH","FH","17","3M","MF","PR",34,14,16,0,8,0.727272727272727
"17-FH","FH","17","3M","MF","PR",34,16,19,0,8,0.727272727272727
"17-FH","FH","17","3M","MF","PR",34,19,21,0,8,0.727272727272727
"17-FH","FH","17","3M","MF","PR",34,21,23,0,8,0.727272727272727
"17-FH","FH","17","3M","MF","PR",34,23,26,0,8,0.727272727272727
"17-FH","FH","17","3M","MF","PR",34,26,30,0,8,0.727272727272727
"17-FH","FH","17","3M","MF","PR",34,30,34,0,8,0.727272727272727
"17-FH","FH","17","3M","MF","PR",34,34,37,0,8,0.727272727272727
"17-FH","FH","17","3M","MF","PR",34,37,41,0,8,0.727272727272727
"17-FH","FH","17","3M","MF","PR",34,41,43,0,8,0.727272727272727
"17-FH","FH","17","3M","MF","PR",34,43,Inf,3,NA,NA
"18-FH","FH","18","3M","MF","NS",36,0,1,0,0,0
"18-FH","FH","18","3M","MF","NS",36,1,6,2,2,0.166666666666667
"18-FH","FH","18","3M","MF","NS",36,6,9,5,7,0.583333333333333
"18-FH","FH","18","3M","MF","NS",36,9,12,3,10,0.833333333333333
"18-FH","FH","18","3M","MF","NS",36,12,14,0,10,0.833333333333333
"18-FH","FH","18","3M","MF","NS",36,14,16,0,10,0.833333333333333
"18-FH","FH","18","3M","MF","NS",36,16,19,0,10,0.833333333333333
"18-FH","FH","18","3M","MF","NS",36,19,21,0,10,0.833333333333333
"18-FH","FH","18","3M","MF","NS",36,21,23,0,10,0.833333333333333
"18-FH","FH","18","3M","MF","NS",36,23,26,0,10,0.833333333333333
"18-FH","FH","18","3M","MF","NS",36,26,30,0,10,0.833333333333333
"18-FH","FH","18","3M","MF","NS",36,30,34,0,10,0.833333333333333
"18-FH","FH","18","3M","MF","NS",36,34,37,0,10,0.833333333333333
"18-FH","FH","18","3M","MF","NS",36,37,41,0,10,0.833333333333333
"18-FH","FH","18","3M","MF","NS",36,41,43,0,10,0.833333333333333
"18-FH","FH","18","3M","MF","NS",36,43,Inf,2,NA,NA
"19-FH","FH","19","3M","FR","PO",38,0,1,0,0,0
"19-FH","FH","19","3M","FR","PO",38,1,6,0,0,0
"19-FH","FH","19","3M","FR","PO",38,6,9,5,5,0.454545454545455
"19-FH","FH","19","3M","FR","PO",38,9,12,3,8,0.727272727272727
"19-FH","FH","19","3M","FR","PO",38,12,14,0,8,0.727272727272727
"19-FH","FH","19","3M","FR","PO",38,14,16,0,8,0.727272727272727
"19-FH","FH","19","3M","FR","PO",38,16,19,0,8,0.727272727272727
"19-FH","FH","19","3M","FR","PO",38,19,21,0,8,0.727272727272727
"19-FH","FH","19","3M","FR","PO",38,21,23,0,8,0.727272727272727
"19-FH","FH","19","3M","FR","PO",38,23,26,0,8,0.727272727272727
"19-FH","FH","19","3M","FR","PO",38,26,30,0,8,0.727272727272727
"19-FH","FH","19","3M","FR","PO",38,30,34,0,8,0.727272727272727
"19-FH","FH","19","3M","FR","PO",38,34,37,0,8,0.727272727272727
"19-FH","FH","19","3M","FR","PO",38,37,41,0,8,0.727272727272727
"19-FH","FH","19","3M","FR","PO",38,41,43,0,8,0.727272727272727
"19-FH","FH","19","3M","FR","PO",38,43,Inf,3,NA,NA
"20-FH","FH","20","C","RT","PO",40,0,1,0,0,0
"20-FH","FH","20","C","RT","PO",40,1,6,0,0,0
"20-FH","FH","20","C","RT","PO",40,6,9,9,9,0.5625
"20-FH","FH","20","C","RT","PO",40,9,12,5,14,0.875
"20-FH","FH","20","C","RT","PO",40,12,14,0,14,0.875
"20-FH","FH","20","C","RT","PO",40,14,16,0,14,0.875
"20-FH","FH","20","C","RT","PO",40,16,19,0,14,0.875
"20-FH","FH","20","C","RT","PO",40,19,21,1,15,0.9375
"20-FH","FH","20","C","RT","PO",40,21,23,0,15,0.9375
"20-FH","FH","20","C","RT","PO",40,23,26,1,16,1
"20-FH","FH","20","C","RT","PO",40,26,30,0,16,1
"20-FH","FH","20","C","RT","PO",40,30,34,0,16,1
"20-FH","FH","20","C","RT","PO",40,34,37,0,16,1
"20-FH","FH","20","C","RT","PO",40,37,41,0,16,1
"20-FH","FH","20","C","RT","PO",40,41,43,0,16,1
"20-FH","FH","20","C","RT","PO",40,43,Inf,0,NA,NA
"21-FH","FH","21","3M","FR","PR",42,0,1,0,0,0
"21-FH","FH","21","3M","FR","PR",42,1,6,1,1,0.1
"21-FH","FH","21","3M","FR","PR",42,6,9,4,5,0.5
"21-FH","FH","21","3M","FR","PR",42,9,12,0,5,0.5
"21-FH","FH","21","3M","FR","PR",42,12,14,0,5,0.5
"21-FH","FH","21","3M","FR","PR",42,14,16,0,5,0.5
"21-FH","FH","21","3M","FR","PR",42,16,19,0,5,0.5
"21-FH","FH","21","3M","FR","PR",42,19,21,0,5,0.5
"21-FH","FH","21","3M","FR","PR",42,21,23,0,5,0.5
"21-FH","FH","21","3M","FR","PR",42,23,26,0,5,0.5
"21-FH","FH","21","3M","FR","PR",42,26,30,0,5,0.5
"21-FH","FH","21","3M","FR","PR",42,30,34,0,5,0.5
"21-FH","FH","21","3M","FR","PR",42,34,37,0,5,0.5
"21-FH","FH","21","3M","FR","PR",42,37,41,0,5,0.5
"21-FH","FH","21","3M","FR","PR",42,41,43,0,5,0.5
"21-FH","FH","21","3M","FR","PR",42,43,Inf,5,NA,NA
"22-FH","FH","22","1M","FR","NS",44,0,1,0,0,0
"22-FH","FH","22","1M","FR","NS",44,1,6,1,1,0.1
"22-FH","FH","22","1M","FR","NS",44,6,9,9,10,1
"22-FH","FH","22","1M","FR","NS",44,9,12,0,10,1
"22-FH","FH","22","1M","FR","NS",44,12,14,0,10,1
"22-FH","FH","22","1M","FR","NS",44,14,16,0,10,1
"22-FH","FH","22","1M","FR","NS",44,16,19,0,10,1
"22-FH","FH","22","1M","FR","NS",44,19,21,0,10,1
"22-FH","FH","22","1M","FR","NS",44,21,23,0,10,1
"22-FH","FH","22","1M","FR","NS",44,23,26,0,10,1
"22-FH","FH","22","1M","FR","NS",44,26,30,0,10,1
"22-FH","FH","22","1M","FR","NS",44,30,34,0,10,1
"22-FH","FH","22","1M","FR","NS",44,34,37,0,10,1
"22-FH","FH","22","1M","FR","NS",44,37,41,0,10,1
"22-FH","FH","22","1M","FR","NS",44,41,43,0,10,1
"22-FH","FH","22","1M","FR","NS",44,43,Inf,0,NA,NA
"23-FH","FH","23","1M","MF","NS",46,0,1,0,0,0
"23-FH","FH","23","1M","MF","NS",46,1,6,2,2,0.2
"23-FH","FH","23","1M","MF","NS",46,6,9,5,7,0.7
"23-FH","FH","23","1M","MF","NS",46,9,12,1,8,0.8
"23-FH","FH","23","1M","MF","NS",46,12,14,1,9,0.9
"23-FH","FH","23","1M","MF","NS",46,14,16,0,9,0.9
"23-FH","FH","23","1M","MF","NS",46,16,19,0,9,0.9
"23-FH","FH","23","1M","MF","NS",46,19,21,0,9,0.9
"23-FH","FH","23","1M","MF","NS",46,21,23,0,9,0.9
"23-FH","FH","23","1M","MF","NS",46,23,26,0,9,0.9
"23-FH","FH","23","1M","MF","NS",46,26,30,0,9,0.9
"23-FH","FH","23","1M","MF","NS",46,30,34,0,9,0.9
"23-FH","FH","23","1M","MF","NS",46,34,37,0,9,0.9
"23-FH","FH","23","1M","MF","NS",46,37,41,0,9,0.9
"23-FH","FH","23","1M","MF","NS",46,41,43,0,9,0.9
"23-FH","FH","23","1M","MF","NS",46,43,Inf,1,NA,NA
"24-FH","FH","24","5M","FR","PO",48,0,1,0,0,0
"24-FH","FH","24","5M","FR","PO",48,1,6,0,0,0
"24-FH","FH","24","5M","FR","PO",48,6,9,2,2,0.166666666666667
"24-FH","FH","24","5M","FR","PO",48,9,12,4,6,0.5
"24-FH","FH","24","5M","FR","PO",48,12,14,0,6,0.5
"24-FH","FH","24","5M","FR","PO",48,14,16,0,6,0.5
"24-FH","FH","24","5M","FR","PO",48,16,19,0,6,0.5
"24-FH","FH","24","5M","FR","PO",48,19,21,0,6,0.5
"24-FH","FH","24","5M","FR","PO",48,21,23,1,7,0.583333333333333
"24-FH","FH","24","5M","FR","PO",48,23,26,0,7,0.583333333333333
"24-FH","FH","24","5M","FR","PO",48,26,30,0,7,0.583333333333333
"24-FH","FH","24","5M","FR","PO",48,30,34,0,7,0.583333333333333
"24-FH","FH","24","5M","FR","PO",48,34,37,0,7,0.583333333333333
"24-FH","FH","24","5M","FR","PO",48,37,41,0,7,0.583333333333333
"24-FH","FH","24","5M","FR","PO",48,41,43,0,7,0.583333333333333
"24-FH","FH","24","5M","FR","PO",48,43,Inf,5,NA,NA
"25-FH","FH","25","3M","MF","PO",50,0,1,0,0,0
"25-FH","FH","25","3M","MF","PO",50,1,6,0,0,0
"25-FH","FH","25","3M","MF","PO",50,6,9,3,3,0.428571428571429
"25-FH","FH","25","3M","MF","PO",50,9,12,3,6,0.857142857142857
"25-FH","FH","25","3M","MF","PO",50,12,14,0,6,0.857142857142857
"25-FH","FH","25","3M","MF","PO",50,14,16,0,6,0.857142857142857
"25-FH","FH","25","3M","MF","PO",50,16,19,0,6,0.857142857142857
"25-FH","FH","25","3M","MF","PO",50,19,21,1,7,1
"25-FH","FH","25","3M","MF","PO",50,21,23,0,7,1
"25-FH","FH","25","3M","MF","PO",50,23,26,0,7,1
"25-FH","FH","25","3M","MF","PO",50,26,30,0,7,1
"25-FH","FH","25","3M","MF","PO",50,30,34,0,7,1
"25-FH","FH","25","3M","MF","PO",50,34,37,0,7,1
"25-FH","FH","25","3M","MF","PO",50,37,41,0,7,1
"25-FH","FH","25","3M","MF","PO",50,41,43,0,7,1
"25-FH","FH","25","3M","MF","PO",50,43,Inf,0,NA,NA
"26-FH","FH","26","3M","DF","PO",52,0,1,0,0,0
"26-FH","FH","26","3M","DF","PO",52,1,6,0,0,0
"26-FH","FH","26","3M","DF","PO",52,6,9,12,12,0.8
"26-FH","FH","26","3M","DF","PO",52,9,12,2,14,0.933333333333333
"26-FH","FH","26","3M","DF","PO",52,12,14,0,14,0.933333333333333
"26-FH","FH","26","3M","DF","PO",52,14,16,0,14,0.933333333333333
"26-FH","FH","26","3M","DF","PO",52,16,19,1,15,1
"26-FH","FH","26","3M","DF","PO",52,19,21,0,15,1
"26-FH","FH","26","3M","DF","PO",52,21,23,0,15,1
"26-FH","FH","26","3M","DF","PO",52,23,26,0,15,1
"26-FH","FH","26","3M","DF","PO",52,26,30,0,15,1
"26-FH","FH","26","3M","DF","PO",52,30,34,0,15,1
"26-FH","FH","26","3M","DF","PO",52,34,37,0,15,1
"26-FH","FH","26","3M","DF","PO",52,37,41,0,15,1
"26-FH","FH","26","3M","DF","PO",52,41,43,0,15,1
"26-FH","FH","26","3M","DF","PO",52,43,Inf,0,NA,NA
"27-FH","FH","27","1M","DF","PR",54,0,1,0,0,0
"27-FH","FH","27","1M","DF","PR",54,1,6,0,0,0
"27-FH","FH","27","1M","DF","PR",54,6,9,4,4,0.444444444444444
"27-FH","FH","27","1M","DF","PR",54,9,12,1,5,0.555555555555556
"27-FH","FH","27","1M","DF","PR",54,12,14,0,5,0.555555555555556
"27-FH","FH","27","1M","DF","PR",54,14,16,0,5,0.555555555555556
"27-FH","FH","27","1M","DF","PR",54,16,19,0,5,0.555555555555556
"27-FH","FH","27","1M","DF","PR",54,19,21,0,5,0.555555555555556
"27-FH","FH","27","1M","DF","PR",54,21,23,0,5,0.555555555555556
"27-FH","FH","27","1M","DF","PR",54,23,26,0,5,0.555555555555556
"27-FH","FH","27","1M","DF","PR",54,26,30,0,5,0.555555555555556
"27-FH","FH","27","1M","DF","PR",54,30,34,0,5,0.555555555555556
"27-FH","FH","27","1M","DF","PR",54,34,37,0,5,0.555555555555556
"27-FH","FH","27","1M","DF","PR",54,37,41,0,5,0.555555555555556
"27-FH","FH","27","1M","DF","PR",54,41,43,0,5,0.555555555555556
"27-FH","FH","27","1M","DF","PR",54,43,Inf,4,NA,NA
"28-FH","FH","28","3M","FR","PO",56,0,1,0,0,0
"28-FH","FH","28","3M","FR","PO",56,1,6,0,0,0
"28-FH","FH","28","3M","FR","PO",56,6,9,5,5,0.384615384615385
"28-FH","FH","28","3M","FR","PO",56,9,12,1,6,0.461538461538462
"28-FH","FH","28","3M","FR","PO",56,12,14,0,6,0.461538461538462
"28-FH","FH","28","3M","FR","PO",56,14,16,0,6,0.461538461538462
"28-FH","FH","28","3M","FR","PO",56,16,19,1,7,0.538461538461538
"28-FH","FH","28","3M","FR","PO",56,19,21,0,7,0.538461538461538
"28-FH","FH","28","3M","FR","PO",56,21,23,0,7,0.538461538461538
"28-FH","FH","28","3M","FR","PO",56,23,26,0,7,0.538461538461538
"28-FH","FH","28","3M","FR","PO",56,26,30,0,7,0.538461538461538
"28-FH","FH","28","3M","FR","PO",56,30,34,0,7,0.538461538461538
"28-FH","FH","28","3M","FR","PO",56,34,37,0,7,0.538461538461538
"28-FH","FH","28","3M","FR","PO",56,37,41,0,7,0.538461538461538
"28-FH","FH","28","3M","FR","PO",56,41,43,0,7,0.538461538461538
"28-FH","FH","28","3M","FR","PO",56,43,Inf,6,NA,NA
"29-FH","FH","29","5M","FR","NS",58,0,1,0,0,0
"29-FH","FH","29","5M","FR","NS",58,1,6,1,1,0.0769230769230769
"29-FH","FH","29","5M","FR","NS",58,6,9,5,6,0.461538461538462
"29-FH","FH","29","5M","FR","NS",58,9,12,2,8,0.615384615384615
"29-FH","FH","29","5M","FR","NS",58,12,14,1,9,0.692307692307692
"29-FH","FH","29","5M","FR","NS",58,14,16,0,9,0.692307692307692
"29-FH","FH","29","5M","FR","NS",58,16,19,0,9,0.692307692307692
"29-FH","FH","29","5M","FR","NS",58,19,21,0,9,0.692307692307692
"29-FH","FH","29","5M","FR","NS",58,21,23,0,9,0.692307692307692
"29-FH","FH","29","5M","FR","NS",58,23,26,0,9,0.692307692307692
"29-FH","FH","29","5M","FR","NS",58,26,30,0,9,0.692307692307692
"29-FH","FH","29","5M","FR","NS",58,30,34,1,10,0.769230769230769
"29-FH","FH","29","5M","FR","NS",58,34,37,0,10,0.769230769230769
"29-FH","FH","29","5M","FR","NS",58,37,41,0,10,0.769230769230769
"29-FH","FH","29","5M","FR","NS",58,41,43,0,10,0.769230769230769
"29-FH","FH","29","5M","FR","NS",58,43,Inf,3,NA,NA
"30-FH","FH","30","5M","RT","PR",60,0,1,0,0,0
"30-FH","FH","30","5M","RT","PR",60,1,6,0,0,0
"30-FH","FH","30","5M","RT","PR",60,6,9,6,6,0.461538461538462
"30-FH","FH","30","5M","RT","PR",60,9,12,3,9,0.692307692307692
"30-FH","FH","30","5M","RT","PR",60,12,14,0,9,0.692307692307692
"30-FH","FH","30","5M","RT","PR",60,14,16,1,10,0.769230769230769
"30-FH","FH","30","5M","RT","PR",60,16,19,0,10,0.769230769230769
"30-FH","FH","30","5M","RT","PR",60,19,21,0,10,0.769230769230769
"30-FH","FH","30","5M","RT","PR",60,21,23,0,10,0.769230769230769
"30-FH","FH","30","5M","RT","PR",60,23,26,0,10,0.769230769230769
"30-FH","FH","30","5M","RT","PR",60,26,30,0,10,0.769230769230769
"30-FH","FH","30","5M","RT","PR",60,30,34,0,10,0.769230769230769
"30-FH","FH","30","5M","RT","PR",60,34,37,0,10,0.769230769230769
"30-FH","FH","30","5M","RT","PR",60,37,41,0,10,0.769230769230769
"30-FH","FH","30","5M","RT","PR",60,41,43,0,10,0.769230769230769
"30-FH","FH","30","5M","RT","PR",60,43,Inf,3,NA,NA
"31-FH","FH","31","5M","MF","PO",62,0,1,0,0,0
"31-FH","FH","31","5M","MF","PO",62,1,6,0,0,0
"31-FH","FH","31","5M","MF","PO",62,6,9,2,2,0.181818181818182
"31-FH","FH","31","5M","MF","PO",62,9,12,1,3,0.272727272727273
"31-FH","FH","31","5M","MF","PO",62,12,14,1,4,0.363636363636364
"31-FH","FH","31","5M","MF","PO",62,14,16,0,4,0.363636363636364
"31-FH","FH","31","5M","MF","PO",62,16,19,1,5,0.454545454545455
"31-FH","FH","31","5M","MF","PO",62,19,21,0,5,0.454545454545455
"31-FH","FH","31","5M","MF","PO",62,21,23,0,5,0.454545454545455
"31-FH","FH","31","5M","MF","PO",62,23,26,0,5,0.454545454545455
"31-FH","FH","31","5M","MF","PO",62,26,30,0,5,0.454545454545455
"31-FH","FH","31","5M","MF","PO",62,30,34,0,5,0.454545454545455
"31-FH","FH","31","5M","MF","PO",62,34,37,0,5,0.454545454545455
"31-FH","FH","31","5M","MF","PO",62,37,41,0,5,0.454545454545455
"31-FH","FH","31","5M","MF","PO",62,41,43,0,5,0.454545454545455
"31-FH","FH","31","5M","MF","PO",62,43,Inf,6,NA,NA
"32-FH","FH","32","1M","MF","PO",64,0,1,0,0,0
"32-FH","FH","32","1M","MF","PO",64,1,6,0,0,0
"32-FH","FH","32","1M","MF","PO",64,6,9,3,3,0.166666666666667
"32-FH","FH","32","1M","MF","PO",64,9,12,6,9,0.5
"32-FH","FH","32","1M","MF","PO",64,12,14,1,10,0.555555555555556
"32-FH","FH","32","1M","MF","PO",64,14,16,2,12,0.666666666666667
"32-FH","FH","32","1M","MF","PO",64,16,19,0,12,0.666666666666667
"32-FH","FH","32","1M","MF","PO",64,19,21,0,12,0.666666666666667
"32-FH","FH","32","1M","MF","PO",64,21,23,0,12,0.666666666666667
"32-FH","FH","32","1M","MF","PO",64,23,26,0,12,0.666666666666667
"32-FH","FH","32","1M","MF","PO",64,26,30,0,12,0.666666666666667
"32-FH","FH","32","1M","MF","PO",64,30,34,0,12,0.666666666666667
"32-FH","FH","32","1M","MF","PO",64,34,37,0,12,0.666666666666667
"32-FH","FH","32","1M","MF","PO",64,37,41,0,12,0.666666666666667
"32-FH","FH","32","1M","MF","PO",64,41,43,1,13,0.722222222222222
"32-FH","FH","32","1M","MF","PO",64,43,Inf,5,NA,NA
"33-FH","FH","33","1M","RT","PR",66,0,1,0,0,0
"33-FH","FH","33","1M","RT","PR",66,1,6,0,0,0
"33-FH","FH","33","1M","RT","PR",66,6,9,2,2,0.153846153846154
"33-FH","FH","33","1M","RT","PR",66,9,12,3,5,0.384615384615385
"33-FH","FH","33","1M","RT","PR",66,12,14,0,5,0.384615384615385
"33-FH","FH","33","1M","RT","PR",66,14,16,0,5,0.384615384615385
"33-FH","FH","33","1M","RT","PR",66,16,19,0,5,0.384615384615385
"33-FH","FH","33","1M","RT","PR",66,19,21,1,6,0.461538461538462
"33-FH","FH","33","1M","RT","PR",66,21,23,0,6,0.461538461538462
"33-FH","FH","33","1M","RT","PR",66,23,26,0,6,0.461538461538462
"33-FH","FH","33","1M","RT","PR",66,26,30,0,6,0.461538461538462
"33-FH","FH","33","1M","RT","PR",66,30,34,0,6,0.461538461538462
"33-FH","FH","33","1M","RT","PR",66,34,37,0,6,0.461538461538462
"33-FH","FH","33","1M","RT","PR",66,37,41,0,6,0.461538461538462
"33-FH","FH","33","1M","RT","PR",66,41,43,0,6,0.461538461538462
"33-FH","FH","33","1M","RT","PR",66,43,Inf,7,NA,NA
"34-FH","FH","34","5M","FR","NS",68,0,1,0,0,0
"34-FH","FH","34","5M","FR","NS",68,1,6,1,1,0.0714285714285714
"34-FH","FH","34","5M","FR","NS",68,6,9,6,7,0.5
"34-FH","FH","34","5M","FR","NS",68,9,12,2,9,0.642857142857143
"34-FH","FH","34","5M","FR","NS",68,12,14,1,10,0.714285714285714
"34-FH","FH","34","5M","FR","NS",68,14,16,0,10,0.714285714285714
"34-FH","FH","34","5M","FR","NS",68,16,19,0,10,0.714285714285714
"34-FH","FH","34","5M","FR","NS",68,19,21,1,11,0.785714285714286
"34-FH","FH","34","5M","FR","NS",68,21,23,0,11,0.785714285714286
"34-FH","FH","34","5M","FR","NS",68,23,26,0,11,0.785714285714286
"34-FH","FH","34","5M","FR","NS",68,26,30,0,11,0.785714285714286
"34-FH","FH","34","5M","FR","NS",68,30,34,0,11,0.785714285714286
"34-FH","FH","34","5M","FR","NS",68,34,37,0,11,0.785714285714286
"34-FH","FH","34","5M","FR","NS",68,37,41,0,11,0.785714285714286
"34-FH","FH","34","5M","FR","NS",68,41,43,0,11,0.785714285714286
"34-FH","FH","34","5M","FR","NS",68,43,Inf,3,NA,NA
"35-FH","FH","35","3M","DF","PR",70,0,1,0,0,0
"35-FH","FH","35","3M","DF","PR",70,1,6,1,1,0.0625
"35-FH","FH","35","3M","DF","PR",70,6,9,7,8,0.5
"35-FH","FH","35","3M","DF","PR",70,9,12,3,11,0.6875
"35-FH","FH","35","3M","DF","PR",70,12,14,0,11,0.6875
"35-FH","FH","35","3M","DF","PR",70,14,16,1,12,0.75
"35-FH","FH","35","3M","DF","PR",70,16,19,0,12,0.75
"35-FH","FH","35","3M","DF","PR",70,19,21,0,12,0.75
"35-FH","FH","35","3M","DF","PR",70,21,23,0,12,0.75
"35-FH","FH","35","3M","DF","PR",70,23,26,0,12,0.75
"35-FH","FH","35","3M","DF","PR",70,26,30,0,12,0.75
"35-FH","FH","35","3M","DF","PR",70,30,34,0,12,0.75
"35-FH","FH","35","3M","DF","PR",70,34,37,0,12,0.75
"35-FH","FH","35","3M","DF","PR",70,37,41,0,12,0.75
"35-FH","FH","35","3M","DF","PR",70,41,43,0,12,0.75
"35-FH","FH","35","3M","DF","PR",70,43,Inf,4,NA,NA
"36-FH","FH","36","1M","FR","PR",72,0,1,0,0,0
"36-FH","FH","36","1M","FR","PR",72,1,6,0,0,0
"36-FH","FH","36","1M","FR","PR",72,6,9,3,3,0.230769230769231
"36-FH","FH","36","1M","FR","PR",72,9,12,2,5,0.384615384615385
"36-FH","FH","36","1M","FR","PR",72,12,14,0,5,0.384615384615385
"36-FH","FH","36","1M","FR","PR",72,14,16,0,5,0.384615384615385
"36-FH","FH","36","1M","FR","PR",72,16,19,0,5,0.384615384615385
"36-FH","FH","36","1M","FR","PR",72,19,21,0,5,0.384615384615385
"36-FH","FH","36","1M","FR","PR",72,21,23,0,5,0.384615384615385
"36-FH","FH","36","1M","FR","PR",72,23,26,0,5,0.384615384615385
"36-FH","FH","36","1M","FR","PR",72,26,30,0,5,0.384615384615385
"36-FH","FH","36","1M","FR","PR",72,30,34,1,6,0.461538461538462
"36-FH","FH","36","1M","FR","PR",72,34,37,0,6,0.461538461538462
"36-FH","FH","36","1M","FR","PR",72,37,41,0,6,0.461538461538462
"36-FH","FH","36","1M","FR","PR",72,41,43,0,6,0.461538461538462
"36-FH","FH","36","1M","FR","PR",72,43,Inf,7,NA,NA
"37-FH","FH","37","1M","FR","PO",74,0,1,0,0,0
"37-FH","FH","37","1M","FR","PO",74,1,6,1,1,0.0714285714285714
"37-FH","FH","37","1M","FR","PO",74,6,9,0,1,0.0714285714285714
"37-FH","FH","37","1M","FR","PO",74,9,12,2,3,0.214285714285714
"37-FH","FH","37","1M","FR","PO",74,12,14,2,5,0.357142857142857
"37-FH","FH","37","1M","FR","PO",74,14,16,1,6,0.428571428571429
"37-FH","FH","37","1M","FR","PO",74,16,19,2,8,0.571428571428571
"37-FH","FH","37","1M","FR","PO",74,19,21,0,8,0.571428571428571
"37-FH","FH","37","1M","FR","PO",74,21,23,1,9,0.642857142857143
"37-FH","FH","37","1M","FR","PO",74,23,26,0,9,0.642857142857143
"37-FH","FH","37","1M","FR","PO",74,26,30,0,9,0.642857142857143
"37-FH","FH","37","1M","FR","PO",74,30,34,0,9,0.642857142857143
"37-FH","FH","37","1M","FR","PO",74,34,37,0,9,0.642857142857143
"37-FH","FH","37","1M","FR","PO",74,37,41,0,9,0.642857142857143
"37-FH","FH","37","1M","FR","PO",74,41,43,0,9,0.642857142857143
"37-FH","FH","37","1M","FR","PO",74,43,Inf,5,NA,NA
"38-FH","FH","38","5M","MF","PR",76,0,1,0,0,0
"38-FH","FH","38","5M","MF","PR",76,1,6,0,0,0
"38-FH","FH","38","5M","MF","PR",76,6,9,3,3,0.272727272727273
"38-FH","FH","38","5M","MF","PR",76,9,12,3,6,0.545454545454545
"38-FH","FH","38","5M","MF","PR",76,12,14,0,6,0.545454545454545
"38-FH","FH","38","5M","MF","PR",76,14,16,0,6,0.545454545454545
"38-FH","FH","38","5M","MF","PR",76,16,19,0,6,0.545454545454545
"38-FH","FH","38","5M","MF","PR",76,19,21,0,6,0.545454545454545
"38-FH","FH","38","5M","MF","PR",76,21,23,0,6,0.545454545454545
"38-FH","FH","38","5M","MF","PR",76,23,26,0,6,0.545454545454545
"38-FH","FH","38","5M","MF","PR",76,26,30,0,6,0.545454545454545
"38-FH","FH","38","5M","MF","PR",76,30,34,0,6,0.545454545454545
"38-FH","FH","38","5M","MF","PR",76,34,37,0,6,0.545454545454545
"38-FH","FH","38","5M","MF","PR",76,37,41,0,6,0.545454545454545
"38-FH","FH","38","5M","MF","PR",76,41,43,0,6,0.545454545454545
"38-FH","FH","38","5M","MF","PR",76,43,Inf,5,NA,NA
"39-FH","FH","39","3M","DF","NS",78,0,1,0,0,0
"39-FH","FH","39","3M","DF","NS",78,1,6,2,2,0.153846153846154
"39-FH","FH","39","3M","DF","NS",78,6,9,5,7,0.538461538461538
"39-FH","FH","39","3M","DF","NS",78,9,12,0,7,0.538461538461538
"39-FH","FH","39","3M","DF","NS",78,12,14,1,8,0.615384615384615
"39-FH","FH","39","3M","DF","NS",78,14,16,0,8,0.615384615384615
"39-FH","FH","39","3M","DF","NS",78,16,19,0,8,0.615384615384615
"39-FH","FH","39","3M","DF","NS",78,19,21,0,8,0.615384615384615
"39-FH","FH","39","3M","DF","NS",78,21,23,0,8,0.615384615384615
"39-FH","FH","39","3M","DF","NS",78,23,26,0,8,0.615384615384615
"39-FH","FH","39","3M","DF","NS",78,26,30,1,9,0.692307692307692
"39-FH","FH","39","3M","DF","NS",78,30,34,0,9,0.692307692307692
"39-FH","FH","39","3M","DF","NS",78,34,37,0,9,0.692307692307692
"39-FH","FH","39","3M","DF","NS",78,37,41,0,9,0.692307692307692
"39-FH","FH","39","3M","DF","NS",78,41,43,0,9,0.692307692307692
"39-FH","FH","39","3M","DF","NS",78,43,Inf,4,NA,NA
"40-FH","FH","40","1M","MF","PR",80,0,1,0,0,0
"40-FH","FH","40","1M","MF","PR",80,1,6,0,0,0
"40-FH","FH","40","1M","MF","PR",80,6,9,1,1,0.0769230769230769
"40-FH","FH","40","1M","MF","PR",80,9,12,3,4,0.307692307692308
"40-FH","FH","40","1M","MF","PR",80,12,14,1,5,0.384615384615385
"40-FH","FH","40","1M","MF","PR",80,14,16,0,5,0.384615384615385
"40-FH","FH","40","1M","MF","PR",80,16,19,0,5,0.384615384615385
"40-FH","FH","40","1M","MF","PR",80,19,21,0,5,0.384615384615385
"40-FH","FH","40","1M","MF","PR",80,21,23,0,5,0.384615384615385
"40-FH","FH","40","1M","MF","PR",80,23,26,0,5,0.384615384615385
"40-FH","FH","40","1M","MF","PR",80,26,30,0,5,0.384615384615385
"40-FH","FH","40","1M","MF","PR",80,30,34,0,5,0.384615384615385
"40-FH","FH","40","1M","MF","PR",80,34,37,0,5,0.384615384615385
"40-FH","FH","40","1M","MF","PR",80,37,41,0,5,0.384615384615385
"40-FH","FH","40","1M","MF","PR",80,41,43,0,5,0.384615384615385
"40-FH","FH","40","1M","MF","PR",80,43,Inf,8,NA,NA
"41-FH","FH","41","3M","FR","NS",82,0,1,0,0,0
"41-FH","FH","41","3M","FR","NS",82,1,6,2,2,0.133333333333333
"41-FH","FH","41","3M","FR","NS",82,6,9,8,10,0.666666666666667
"41-FH","FH","41","3M","FR","NS",82,9,12,1,11,0.733333333333333
"41-FH","FH","41","3M","FR","NS",82,12,14,0,11,0.733333333333333
"41-FH","FH","41","3M","FR","NS",82,14,16,0,11,0.733333333333333
"41-FH","FH","41","3M","FR","NS",82,16,19,0,11,0.733333333333333
"41-FH","FH","41","3M","FR","NS",82,19,21,0,11,0.733333333333333
"41-FH","FH","41","3M","FR","NS",82,21,23,0,11,0.733333333333333
"41-FH","FH","41","3M","FR","NS",82,23,26,0,11,0.733333333333333
"41-FH","FH","41","3M","FR","NS",82,26,30,0,11,0.733333333333333
"41-FH","FH","41","3M","FR","NS",82,30,34,0,11,0.733333333333333
"41-FH","FH","41","3M","FR","NS",82,34,37,0,11,0.733333333333333
"41-FH","FH","41","3M","FR","NS",82,37,41,0,11,0.733333333333333
"41-FH","FH","41","3M","FR","NS",82,41,43,0,11,0.733333333333333
"41-FH","FH","41","3M","FR","NS",82,43,Inf,4,NA,NA
"42-FH","FH","42","5M","RT","PR",84,0,1,0,0,0
"42-FH","FH","42","5M","RT","PR",84,1,6,0,0,0
"42-FH","FH","42","5M","RT","PR",84,6,9,6,6,0.375
"42-FH","FH","42","5M","RT","PR",84,9,12,4,10,0.625
"42-FH","FH","42","5M","RT","PR",84,12,14,0,10,0.625
"42-FH","FH","42","5M","RT","PR",84,14,16,1,11,0.6875
"42-FH","FH","42","5M","RT","PR",84,16,19,0,11,0.6875
"42-FH","FH","42","5M","RT","PR",84,19,21,1,12,0.75
"42-FH","FH","42","5M","RT","PR",84,21,23,0,12,0.75
"42-FH","FH","42","5M","RT","PR",84,23,26,0,12,0.75
"42-FH","FH","42","5M","RT","PR",84,26,30,0,12,0.75
"42-FH","FH","42","5M","RT","PR",84,30,34,0,12,0.75
"42-FH","FH","42","5M","RT","PR",84,34,37,0,12,0.75
"42-FH","FH","42","5M","RT","PR",84,37,41,0,12,0.75
"42-FH","FH","42","5M","RT","PR",84,41,43,0,12,0.75
"42-FH","FH","42","5M","RT","PR",84,43,Inf,4,NA,NA
"43-FH","FH","43","5M","MF","NS",86,0,1,0,0,0
"43-FH","FH","43","5M","MF","NS",86,1,6,0,0,0
"43-FH","FH","43","5M","MF","NS",86,6,9,2,2,0.166666666666667
"43-FH","FH","43","5M","MF","NS",86,9,12,5,7,0.583333333333333
"43-FH","FH","43","5M","MF","NS",86,12,14,0,7,0.583333333333333
"43-FH","FH","43","5M","MF","NS",86,14,16,0,7,0.583333333333333
"43-FH","FH","43","5M","MF","NS",86,16,19,0,7,0.583333333333333
"43-FH","FH","43","5M","MF","NS",86,19,21,0,7,0.583333333333333
"43-FH","FH","43","5M","MF","NS",86,21,23,0,7,0.583333333333333
"43-FH","FH","43","5M","MF","NS",86,23,26,0,7,0.583333333333333
"43-FH","FH","43","5M","MF","NS",86,26,30,0,7,0.583333333333333
"43-FH","FH","43","5M","MF","NS",86,30,34,0,7,0.583333333333333
"43-FH","FH","43","5M","MF","NS",86,34,37,0,7,0.583333333333333
"43-FH","FH","43","5M","MF","NS",86,37,41,0,7,0.583333333333333
"43-FH","FH","43","5M","MF","NS",86,41,43,0,7,0.583333333333333
"43-FH","FH","43","5M","MF","NS",86,43,Inf,5,NA,NA
"44-FH","FH","44","3M","RT","PR",88,0,1,0,0,0
"44-FH","FH","44","3M","RT","PR",88,1,6,0,0,0
"44-FH","FH","44","3M","RT","PR",88,6,9,1,1,0.0909090909090909
"44-FH","FH","44","3M","RT","PR",88,9,12,4,5,0.454545454545455
"44-FH","FH","44","3M","RT","PR",88,12,14,0,5,0.454545454545455
"44-FH","FH","44","3M","RT","PR",88,14,16,0,5,0.454545454545455
"44-FH","FH","44","3M","RT","PR",88,16,19,0,5,0.454545454545455
"44-FH","FH","44","3M","RT","PR",88,19,21,0,5,0.454545454545455
"44-FH","FH","44","3M","RT","PR",88,21,23,0,5,0.454545454545455
"44-FH","FH","44","3M","RT","PR",88,23,26,0,5,0.454545454545455
"44-FH","FH","44","3M","RT","PR",88,26,30,0,5,0.454545454545455
"44-FH","FH","44","3M","RT","PR",88,30,34,0,5,0.454545454545455
"44-FH","FH","44","3M","RT","PR",88,34,37,0,5,0.454545454545455
"44-FH","FH","44","3M","RT","PR",88,37,41,0,5,0.454545454545455
"44-FH","FH","44","3M","RT","PR",88,41,43,0,5,0.454545454545455
"44-FH","FH","44","3M","RT","PR",88,43,Inf,6,NA,NA
"45-FH","FH","45","1M","DF","NS",90,0,1,0,0,0
"45-FH","FH","45","1M","DF","NS",90,1,6,0,0,0
"45-FH","FH","45","1M","DF","NS",90,6,9,2,2,0.2
"45-FH","FH","45","1M","DF","NS",90,9,12,1,3,0.3
"45-FH","FH","45","1M","DF","NS",90,12,14,0,3,0.3
"45-FH","FH","45","1M","DF","NS",90,14,16,1,4,0.4
"45-FH","FH","45","1M","DF","NS",90,16,19,0,4,0.4
"45-FH","FH","45","1M","DF","NS",90,19,21,0,4,0.4
"45-FH","FH","45","1M","DF","NS",90,21,23,0,4,0.4
"45-FH","FH","45","1M","DF","NS",90,23,26,0,4,0.4
"45-FH","FH","45","1M","DF","NS",90,26,30,0,4,0.4
"45-FH","FH","45","1M","DF","NS",90,30,34,0,4,0.4
"45-FH","FH","45","1M","DF","NS",90,34,37,0,4,0.4
"45-FH","FH","45","1M","DF","NS",90,37,41,0,4,0.4
"45-FH","FH","45","1M","DF","NS",90,41,43,0,4,0.4
"45-FH","FH","45","1M","DF","NS",90,43,Inf,6,NA,NA
"46-FH","FH","46","C","RT","PO",92,0,1,0,0,0
"46-FH","FH","46","C","RT","PO",92,1,6,2,2,0.117647058823529
"46-FH","FH","46","C","RT","PO",92,6,9,7,9,0.529411764705882
"46-FH","FH","46","C","RT","PO",92,9,12,3,12,0.705882352941177
"46-FH","FH","46","C","RT","PO",92,12,14,2,14,0.823529411764706
"46-FH","FH","46","C","RT","PO",92,14,16,1,15,0.882352941176471
"46-FH","FH","46","C","RT","PO",92,16,19,0,15,0.882352941176471
"46-FH","FH","46","C","RT","PO",92,19,21,0,15,0.882352941176471
"46-FH","FH","46","C","RT","PO",92,21,23,0,15,0.882352941176471
"46-FH","FH","46","C","RT","PO",92,23,26,0,15,0.882352941176471
"46-FH","FH","46","C","RT","PO",92,26,30,0,15,0.882352941176471
"46-FH","FH","46","C","RT","PO",92,30,34,0,15,0.882352941176471
"46-FH","FH","46","C","RT","PO",92,34,37,0,15,0.882352941176471
"46-FH","FH","46","C","RT","PO",92,37,41,0,15,0.882352941176471
"46-FH","FH","46","C","RT","PO",92,41,43,0,15,0.882352941176471
"46-FH","FH","46","C","RT","PO",92,43,Inf,2,NA,NA
"47-FH","FH","47","1M","MF","PO",94,0,1,0,0,0
"47-FH","FH","47","1M","MF","PO",94,1,6,0,0,0
"47-FH","FH","47","1M","MF","PO",94,6,9,5,5,0.3125
"47-FH","FH","47","1M","MF","PO",94,9,12,5,10,0.625
"47-FH","FH","47","1M","MF","PO",94,12,14,0,10,0.625
"47-FH","FH","47","1M","MF","PO",94,14,16,1,11,0.6875
"47-FH","FH","47","1M","MF","PO",94,16,19,0,11,0.6875
"47-FH","FH","47","1M","MF","PO",94,19,21,0,11,0.6875
"47-FH","FH","47","1M","MF","PO",94,21,23,0,11,0.6875
"47-FH","FH","47","1M","MF","PO",94,23,26,0,11,0.6875
"47-FH","FH","47","1M","MF","PO",94,26,30,0,11,0.6875
"47-FH","FH","47","1M","MF","PO",94,30,34,1,12,0.75
"47-FH","FH","47","1M","MF","PO",94,34,37,0,12,0.75
"47-FH","FH","47","1M","MF","PO",94,37,41,0,12,0.75
"47-FH","FH","47","1M","MF","PO",94,41,43,0,12,0.75
"47-FH","FH","47","1M","MF","PO",94,43,Inf,4,NA,NA
"48-FH","FH","48","5M","MF","NS",96,0,1,0,0,0
"48-FH","FH","48","5M","MF","NS",96,1,6,1,1,0.0666666666666667
"48-FH","FH","48","5M","MF","NS",96,6,9,3,4,0.266666666666667
"48-FH","FH","48","5M","MF","NS",96,9,12,4,8,0.533333333333333
"48-FH","FH","48","5M","MF","NS",96,12,14,0,8,0.533333333333333
"48-FH","FH","48","5M","MF","NS",96,14,16,0,8,0.533333333333333
"48-FH","FH","48","5M","MF","NS",96,16,19,1,9,0.6
"48-FH","FH","48","5M","MF","NS",96,19,21,0,9,0.6
"48-FH","FH","48","5M","MF","NS",96,21,23,0,9,0.6
"48-FH","FH","48","5M","MF","NS",96,23,26,0,9,0.6
"48-FH","FH","48","5M","MF","NS",96,26,30,0,9,0.6
"48-FH","FH","48","5M","MF","NS",96,30,34,0,9,0.6
"48-FH","FH","48","5M","MF","NS",96,34,37,0,9,0.6
"48-FH","FH","48","5M","MF","NS",96,37,41,0,9,0.6
"48-FH","FH","48","5M","MF","NS",96,41,43,0,9,0.6
"48-FH","FH","48","5M","MF","NS",96,43,Inf,6,NA,NA
"49-FH","FH","49","1M","RT","PR",98,0,1,0,0,0
"49-FH","FH","49","1M","RT","PR",98,1,6,0,0,0
"49-FH","FH","49","1M","RT","PR",98,6,9,5,5,0.714285714285714
"49-FH","FH","49","1M","RT","PR",98,9,12,2,7,1
"49-FH","FH","49","1M","RT","PR",98,12,14,0,7,1
"49-FH","FH","49","1M","RT","PR",98,14,16,0,7,1
"49-FH","FH","49","1M","RT","PR",98,16,19,0,7,1
"49-FH","FH","49","1M","RT","PR",98,19,21,0,7,1
"49-FH","FH","49","1M","RT","PR",98,21,23,0,7,1
"49-FH","FH","49","1M","RT","PR",98,23,26,0,7,1
"49-FH","FH","49","1M","RT","PR",98,26,30,0,7,1
"49-FH","FH","49","1M","RT","PR",98,30,34,0,7,1
"49-FH","FH","49","1M","RT","PR",98,34,37,0,7,1
"49-FH","FH","49","1M","RT","PR",98,37,41,0,7,1
"49-FH","FH","49","1M","RT","PR",98,41,43,0,7,1
"49-FH","FH","49","1M","RT","PR",98,43,Inf,0,NA,NA
"50-FH","FH","50","1M","DF","NS",100,0,1,0,0,0
"50-FH","FH","50","1M","DF","NS",100,1,6,0,0,0
"50-FH","FH","50","1M","DF","NS",100,6,9,4,4,0.222222222222222
"50-FH","FH","50","1M","DF","NS",100,9,12,0,4,0.222222222222222
"50-FH","FH","50","1M","DF","NS",100,12,14,0,4,0.222222222222222
"50-FH","FH","50","1M","DF","NS",100,14,16,0,4,0.222222222222222
"50-FH","FH","50","1M","DF","NS",100,16,19,0,4,0.222222222222222
"50-FH","FH","50","1M","DF","NS",100,19,21,0,4,0.222222222222222
"50-FH","FH","50","1M","DF","NS",100,21,23,0,4,0.222222222222222
"50-FH","FH","50","1M","DF","NS",100,23,26,1,5,0.277777777777778
"50-FH","FH","50","1M","DF","NS",100,26,30,0,5,0.277777777777778
"50-FH","FH","50","1M","DF","NS",100,30,34,0,5,0.277777777777778
"50-FH","FH","50","1M","DF","NS",100,34,37,0,5,0.277777777777778
"50-FH","FH","50","1M","DF","NS",100,37,41,0,5,0.277777777777778
"50-FH","FH","50","1M","DF","NS",100,41,43,0,5,0.277777777777778
"50-FH","FH","50","1M","DF","NS",100,43,Inf,13,NA,NA
"51-FH","FH","51","1M","DF","PO",102,0,1,0,0,0
"51-FH","FH","51","1M","DF","PO",102,1,6,0,0,0
"51-FH","FH","51","1M","DF","PO",102,6,9,4,4,0.307692307692308
"51-FH","FH","51","1M","DF","PO",102,9,12,2,6,0.461538461538462
"51-FH","FH","51","1M","DF","PO",102,12,14,1,7,0.538461538461538
"51-FH","FH","51","1M","DF","PO",102,14,16,0,7,0.538461538461538
"51-FH","FH","51","1M","DF","PO",102,16,19,0,7,0.538461538461538
"51-FH","FH","51","1M","DF","PO",102,19,21,1,8,0.615384615384615
"51-FH","FH","51","1M","DF","PO",102,21,23,0,8,0.615384615384615
"51-FH","FH","51","1M","DF","PO",102,23,26,0,8,0.615384615384615
"51-FH","FH","51","1M","DF","PO",102,26,30,0,8,0.615384615384615
"51-FH","FH","51","1M","DF","PO",102,30,34,0,8,0.615384615384615
"51-FH","FH","51","1M","DF","PO",102,34,37,0,8,0.615384615384615
"51-FH","FH","51","1M","DF","PO",102,37,41,0,8,0.615384615384615
"51-FH","FH","51","1M","DF","PO",102,41,43,0,8,0.615384615384615
"51-FH","FH","51","1M","DF","PO",102,43,Inf,5,NA,NA
"52-FH","FH","52","3M","DF","PR",104,0,1,0,0,0
"52-FH","FH","52","3M","DF","PR",104,1,6,0,0,0
"52-FH","FH","52","3M","DF","PR",104,6,9,9,9,1
"52-FH","FH","52","3M","DF","PR",104,9,12,0,9,1
"52-FH","FH","52","3M","DF","PR",104,12,14,0,9,1
"52-FH","FH","52","3M","DF","PR",104,14,16,0,9,1
"52-FH","FH","52","3M","DF","PR",104,16,19,0,9,1
"52-FH","FH","52","3M","DF","PR",104,19,21,0,9,1
"52-FH","FH","52","3M","DF","PR",104,21,23,0,9,1
"52-FH","FH","52","3M","DF","PR",104,23,26,0,9,1
"52-FH","FH","52","3M","DF","PR",104,26,30,0,9,1
"52-FH","FH","52","3M","DF","PR",104,30,34,0,9,1
"52-FH","FH","52","3M","DF","PR",104,34,37,0,9,1
"52-FH","FH","52","3M","DF","PR",104,37,41,0,9,1
"52-FH","FH","52","3M","DF","PR",104,41,43,0,9,1
"52-FH","FH","52","3M","DF","PR",104,43,Inf,0,NA,NA
"53-FH","FH","53","5M","FR","PR",106,0,1,0,0,0
"53-FH","FH","53","5M","FR","PR",106,1,6,0,0,0
"53-FH","FH","53","5M","FR","PR",106,6,9,6,6,0.428571428571429
"53-FH","FH","53","5M","FR","PR",106,9,12,1,7,0.5
"53-FH","FH","53","5M","FR","PR",106,12,14,2,9,0.642857142857143
"53-FH","FH","53","5M","FR","PR",106,14,16,0,9,0.642857142857143
"53-FH","FH","53","5M","FR","PR",106,16,19,0,9,0.642857142857143
"53-FH","FH","53","5M","FR","PR",106,19,21,0,9,0.642857142857143
"53-FH","FH","53","5M","FR","PR",106,21,23,0,9,0.642857142857143
"53-FH","FH","53","5M","FR","PR",106,23,26,0,9,0.642857142857143
"53-FH","FH","53","5M","FR","PR",106,26,30,0,9,0.642857142857143
"53-FH","FH","53","5M","FR","PR",106,30,34,0,9,0.642857142857143
"53-FH","FH","53","5M","FR","PR",106,34,37,0,9,0.642857142857143
"53-FH","FH","53","5M","FR","PR",106,37,41,0,9,0.642857142857143
"53-FH","FH","53","5M","FR","PR",106,41,43,0,9,0.642857142857143
"53-FH","FH","53","5M","FR","PR",106,43,Inf,5,NA,NA
"54-FH","FH","54","1M","MF","NS",108,0,1,0,0,0
"54-FH","FH","54","1M","MF","NS",108,1,6,0,0,0
"54-FH","FH","54","1M","MF","NS",108,6,9,1,1,0.0909090909090909
"54-FH","FH","54","1M","MF","NS",108,9,12,2,3,0.272727272727273
"54-FH","FH","54","1M","MF","NS",108,12,14,4,7,0.636363636363636
"54-FH","FH","54","1M","MF","NS",108,14,16,0,7,0.636363636363636
"54-FH","FH","54","1M","MF","NS",108,16,19,0,7,0.636363636363636
"54-FH","FH","54","1M","MF","NS",108,19,21,0,7,0.636363636363636
"54-FH","FH","54","1M","MF","NS",108,21,23,0,7,0.636363636363636
"54-FH","FH","54","1M","MF","NS",108,23,26,0,7,0.636363636363636
"54-FH","FH","54","1M","MF","NS",108,26,30,0,7,0.636363636363636
"54-FH","FH","54","1M","MF","NS",108,30,34,0,7,0.636363636363636
"54-FH","FH","54","1M","MF","NS",108,34,37,0,7,0.636363636363636
"54-FH","FH","54","1M","MF","NS",108,37,41,0,7,0.636363636363636
"54-FH","FH","54","1M","MF","NS",108,41,43,0,7,0.636363636363636
"54-FH","FH","54","1M","MF","NS",108,43,Inf,4,NA,NA
"55-FH","FH","55","3M","DF","PR",110,0,1,0,0,0
"55-FH","FH","55","3M","DF","PR",110,1,6,0,0,0
"55-FH","FH","55","3M","DF","PR",110,6,9,2,2,0.125
"55-FH","FH","55","3M","DF","PR",110,9,12,5,7,0.4375
"55-FH","FH","55","3M","DF","PR",110,12,14,2,9,0.5625
"55-FH","FH","55","3M","DF","PR",110,14,16,1,10,0.625
"55-FH","FH","55","3M","DF","PR",110,16,19,0,10,0.625
"55-FH","FH","55","3M","DF","PR",110,19,21,0,10,0.625
"55-FH","FH","55","3M","DF","PR",110,21,23,0,10,0.625
"55-FH","FH","55","3M","DF","PR",110,23,26,0,10,0.625
"55-FH","FH","55","3M","DF","PR",110,26,30,0,10,0.625
"55-FH","FH","55","3M","DF","PR",110,30,34,0,10,0.625
"55-FH","FH","55","3M","DF","PR",110,34,37,0,10,0.625
"55-FH","FH","55","3M","DF","PR",110,37,41,0,10,0.625
"55-FH","FH","55","3M","DF","PR",110,41,43,0,10,0.625
"55-FH","FH","55","3M","DF","PR",110,43,Inf,6,NA,NA
"56-FH","FH","56","5M","MF","PO",112,0,1,0,0,0
"56-FH","FH","56","5M","MF","PO",112,1,6,0,0,0
"56-FH","FH","56","5M","MF","PO",112,6,9,3,3,0.25
"56-FH","FH","56","5M","MF","PO",112,9,12,0,3,0.25
"56-FH","FH","56","5M","MF","PO",112,12,14,0,3,0.25
"56-FH","FH","56","5M","MF","PO",112,14,16,0,3,0.25
"56-FH","FH","56","5M","MF","PO",112,16,19,1,4,0.333333333333333
"56-FH","FH","56","5M","MF","PO",112,19,21,0,4,0.333333333333333
"56-FH","FH","56","5M","MF","PO",112,21,23,0,4,0.333333333333333
"56-FH","FH","56","5M","MF","PO",112,23,26,0,4,0.333333333333333
"56-FH","FH","56","5M","MF","PO",112,26,30,0,4,0.333333333333333
"56-FH","FH","56","5M","MF","PO",112,30,34,0,4,0.333333333333333
"56-FH","FH","56","5M","MF","PO",112,34,37,0,4,0.333333333333333
"56-FH","FH","56","5M","MF","PO",112,37,41,0,4,0.333333333333333
"56-FH","FH","56","5M","MF","PO",112,41,43,0,4,0.333333333333333
"56-FH","FH","56","5M","MF","PO",112,43,Inf,8,NA,NA
"57-FH","FH","57","3M","FR","NS",114,0,1,0,0,0
"57-FH","FH","57","3M","FR","NS",114,1,6,0,0,0
"57-FH","FH","57","3M","FR","NS",114,6,9,3,3,0.230769230769231
"57-FH","FH","57","3M","FR","NS",114,9,12,2,5,0.384615384615385
"57-FH","FH","57","3M","FR","NS",114,12,14,2,7,0.538461538461538
"57-FH","FH","57","3M","FR","NS",114,14,16,1,8,0.615384615384615
"57-FH","FH","57","3M","FR","NS",114,16,19,0,8,0.615384615384615
"57-FH","FH","57","3M","FR","NS",114,19,21,0,8,0.615384615384615
"57-FH","FH","57","3M","FR","NS",114,21,23,0,8,0.615384615384615
"57-FH","FH","57","3M","FR","NS",114,23,26,0,8,0.615384615384615
"57-FH","FH","57","3M","FR","NS",114,26,30,0,8,0.615384615384615
"57-FH","FH","57","3M","FR","NS",114,30,34,0,8,0.615384615384615
"57-FH","FH","57","3M","FR","NS",114,34,37,0,8,0.615384615384615
"57-FH","FH","57","3M","FR","NS",114,37,41,0,8,0.615384615384615
"57-FH","FH","57","3M","FR","NS",114,41,43,0,8,0.615384615384615
"57-FH","FH","57","3M","FR","NS",114,43,Inf,5,NA,NA
"58-FH","FH","58","5M","DF","PR",116,0,1,0,0,0
"58-FH","FH","58","5M","DF","PR",116,1,6,1,1,0.0909090909090909
"58-FH","FH","58","5M","DF","PR",116,6,9,6,7,0.636363636363636
"58-FH","FH","58","5M","DF","PR",116,9,12,2,9,0.818181818181818
"58-FH","FH","58","5M","DF","PR",116,12,14,0,9,0.818181818181818
"58-FH","FH","58","5M","DF","PR",116,14,16,0,9,0.818181818181818
"58-FH","FH","58","5M","DF","PR",116,16,19,0,9,0.818181818181818
"58-FH","FH","58","5M","DF","PR",116,19,21,0,9,0.818181818181818
"58-FH","FH","58","5M","DF","PR",116,21,23,0,9,0.818181818181818
"58-FH","FH","58","5M","DF","PR",116,23,26,0,9,0.818181818181818
"58-FH","FH","58","5M","DF","PR",116,26,30,0,9,0.818181818181818
"58-FH","FH","58","5M","DF","PR",116,30,34,0,9,0.818181818181818
"58-FH","FH","58","5M","DF","PR",116,34,37,0,9,0.818181818181818
"58-FH","FH","58","5M","DF","PR",116,37,41,0,9,0.818181818181818
"58-FH","FH","58","5M","DF","PR",116,41,43,0,9,0.818181818181818
"58-FH","FH","58","5M","DF","PR",116,43,Inf,2,NA,NA
"59-FH","FH","59","1M","DF","NS",118,0,1,0,0,0
"59-FH","FH","59","1M","DF","NS",118,1,6,1,1,0.0769230769230769
"59-FH","FH","59","1M","DF","NS",118,6,9,0,1,0.0769230769230769
"59-FH","FH","59","1M","DF","NS",118,9,12,3,4,0.307692307692308
"59-FH","FH","59","1M","DF","NS",118,12,14,1,5,0.384615384615385
"59-FH","FH","59","1M","DF","NS",118,14,16,1,6,0.461538461538462
"59-FH","FH","59","1M","DF","NS",118,16,19,1,7,0.538461538461538
"59-FH","FH","59","1M","DF","NS",118,19,21,0,7,0.538461538461538
"59-FH","FH","59","1M","DF","NS",118,21,23,0,7,0.538461538461538
"59-FH","FH","59","1M","DF","NS",118,23,26,0,7,0.538461538461538
"59-FH","FH","59","1M","DF","NS",118,26,30,0,7,0.538461538461538
"59-FH","FH","59","1M","DF","NS",118,30,34,0,7,0.538461538461538
"59-FH","FH","59","1M","DF","NS",118,34,37,0,7,0.538461538461538
"59-FH","FH","59","1M","DF","NS",118,37,41,0,7,0.538461538461538
"59-FH","FH","59","1M","DF","NS",118,41,43,0,7,0.538461538461538
"59-FH","FH","59","1M","DF","NS",118,43,Inf,6,NA,NA
"60-FH","FH","60","1M","DF","PO",120,0,1,0,0,0
"60-FH","FH","60","1M","DF","PO",120,1,6,0,0,0
"60-FH","FH","60","1M","DF","PO",120,6,9,5,5,0.384615384615385
"60-FH","FH","60","1M","DF","PO",120,9,12,2,7,0.538461538461538
"60-FH","FH","60","1M","DF","PO",120,12,14,1,8,0.615384615384615
"60-FH","FH","60","1M","DF","PO",120,14,16,0,8,0.615384615384615
"60-FH","FH","60","1M","DF","PO",120,16,19,0,8,0.615384615384615
"60-FH","FH","60","1M","DF","PO",120,19,21,0,8,0.615384615384615
"60-FH","FH","60","1M","DF","PO",120,21,23,0,8,0.615384615384615
"60-FH","FH","60","1M","DF","PO",120,23,26,0,8,0.615384615384615
"60-FH","FH","60","1M","DF","PO",120,26,30,1,9,0.692307692307692
"60-FH","FH","60","1M","DF","PO",120,30,34,0,9,0.692307692307692
"60-FH","FH","60","1M","DF","PO",120,34,37,0,9,0.692307692307692
"60-FH","FH","60","1M","DF","PO",120,37,41,0,9,0.692307692307692
"60-FH","FH","60","1M","DF","PO",120,41,43,0,9,0.692307692307692
"60-FH","FH","60","1M","DF","PO",120,43,Inf,4,NA,NA
"61-FH","FH","61","3M","DF","PO",122,0,1,0,0,0
"61-FH","FH","61","3M","DF","PO",122,1,6,0,0,0
"61-FH","FH","61","3M","DF","PO",122,6,9,6,6,0.666666666666667
"61-FH","FH","61","3M","DF","PO",122,9,12,1,7,0.777777777777778
"61-FH","FH","61","3M","DF","PO",122,12,14,0,7,0.777777777777778
"61-FH","FH","61","3M","DF","PO",122,14,16,0,7,0.777777777777778
"61-FH","FH","61","3M","DF","PO",122,16,19,0,7,0.777777777777778
"61-FH","FH","61","3M","DF","PO",122,19,21,0,7,0.777777777777778
"61-FH","FH","61","3M","DF","PO",122,21,23,0,7,0.777777777777778
"61-FH","FH","61","3M","DF","PO",122,23,26,0,7,0.777777777777778
"61-FH","FH","61","3M","DF","PO",122,26,30,0,7,0.777777777777778
"61-FH","FH","61","3M","DF","PO",122,30,34,0,7,0.777777777777778
"61-FH","FH","61","3M","DF","PO",122,34,37,0,7,0.777777777777778
"61-FH","FH","61","3M","DF","PO",122,37,41,0,7,0.777777777777778
"61-FH","FH","61","3M","DF","PO",122,41,43,0,7,0.777777777777778
"61-FH","FH","61","3M","DF","PO",122,43,Inf,2,NA,NA
"62-FH","FH","62","1M","FR","NS",124,0,1,0,0,0
"62-FH","FH","62","1M","FR","NS",124,1,6,2,2,0.153846153846154
"62-FH","FH","62","1M","FR","NS",124,6,9,4,6,0.461538461538462
"62-FH","FH","62","1M","FR","NS",124,9,12,3,9,0.692307692307692
"62-FH","FH","62","1M","FR","NS",124,12,14,1,10,0.769230769230769
"62-FH","FH","62","1M","FR","NS",124,14,16,0,10,0.769230769230769
"62-FH","FH","62","1M","FR","NS",124,16,19,0,10,0.769230769230769
"62-FH","FH","62","1M","FR","NS",124,19,21,0,10,0.769230769230769
"62-FH","FH","62","1M","FR","NS",124,21,23,0,10,0.769230769230769
"62-FH","FH","62","1M","FR","NS",124,23,26,0,10,0.769230769230769
"62-FH","FH","62","1M","FR","NS",124,26,30,0,10,0.769230769230769
"62-FH","FH","62","1M","FR","NS",124,30,34,0,10,0.769230769230769
"62-FH","FH","62","1M","FR","NS",124,34,37,0,10,0.769230769230769
"62-FH","FH","62","1M","FR","NS",124,37,41,0,10,0.769230769230769
"62-FH","FH","62","1M","FR","NS",124,41,43,0,10,0.769230769230769
"62-FH","FH","62","1M","FR","NS",124,43,Inf,3,NA,NA
"63-FH","FH","63","C","RT","NS",126,0,1,0,0,0
"63-FH","FH","63","C","RT","NS",126,1,6,0,0,0
"63-FH","FH","63","C","RT","NS",126,6,9,0,0,0
"63-FH","FH","63","C","RT","NS",126,9,12,6,6,0.5
"63-FH","FH","63","C","RT","NS",126,12,14,1,7,0.583333333333333
"63-FH","FH","63","C","RT","NS",126,14,16,1,8,0.666666666666667
"63-FH","FH","63","C","RT","NS",126,16,19,0,8,0.666666666666667
"63-FH","FH","63","C","RT","NS",126,19,21,0,8,0.666666666666667
"63-FH","FH","63","C","RT","NS",126,21,23,0,8,0.666666666666667
"63-FH","FH","63","C","RT","NS",126,23,26,0,8,0.666666666666667
"63-FH","FH","63","C","RT","NS",126,26,30,0,8,0.666666666666667
"63-FH","FH","63","C","RT","NS",126,30,34,0,8,0.666666666666667
"63-FH","FH","63","C","RT","NS",126,34,37,0,8,0.666666666666667
"63-FH","FH","63","C","RT","NS",126,37,41,0,8,0.666666666666667
"63-FH","FH","63","C","RT","NS",126,41,43,0,8,0.666666666666667
"63-FH","FH","63","C","RT","NS",126,43,Inf,4,NA,NA
"64-FH","FH","64","1M","DF","PR",128,0,1,0,0,0
"64-FH","FH","64","1M","DF","PR",128,1,6,0,0,0
"64-FH","FH","64","1M","DF","PR",128,6,9,1,1,0.0769230769230769
"64-FH","FH","64","1M","DF","PR",128,9,12,1,2,0.153846153846154
"64-FH","FH","64","1M","DF","PR",128,12,14,1,3,0.230769230769231
"64-FH","FH","64","1M","DF","PR",128,14,16,2,5,0.384615384615385
"64-FH","FH","64","1M","DF","PR",128,16,19,0,5,0.384615384615385
"64-FH","FH","64","1M","DF","PR",128,19,21,0,5,0.384615384615385
"64-FH","FH","64","1M","DF","PR",128,21,23,0,5,0.384615384615385
"64-FH","FH","64","1M","DF","PR",128,23,26,0,5,0.384615384615385
"64-FH","FH","64","1M","DF","PR",128,26,30,0,5,0.384615384615385
"64-FH","FH","64","1M","DF","PR",128,30,34,0,5,0.384615384615385
"64-FH","FH","64","1M","DF","PR",128,34,37,0,5,0.384615384615385
"64-FH","FH","64","1M","DF","PR",128,37,41,0,5,0.384615384615385
"64-FH","FH","64","1M","DF","PR",128,41,43,0,5,0.384615384615385
"64-FH","FH","64","1M","DF","PR",128,43,Inf,8,NA,NA
"65-FH","FH","65","3M","FR","PR",130,0,1,0,0,0
"65-FH","FH","65","3M","FR","PR",130,1,6,0,0,0
"65-FH","FH","65","3M","FR","PR",130,6,9,3,3,0.272727272727273
"65-FH","FH","65","3M","FR","PR",130,9,12,2,5,0.454545454545455
"65-FH","FH","65","3M","FR","PR",130,12,14,0,5,0.454545454545455
"65-FH","FH","65","3M","FR","PR",130,14,16,1,6,0.545454545454545
"65-FH","FH","65","3M","FR","PR",130,16,19,0,6,0.545454545454545
"65-FH","FH","65","3M","FR","PR",130,19,21,0,6,0.545454545454545
"65-FH","FH","65","3M","FR","PR",130,21,23,0,6,0.545454545454545
"65-FH","FH","65","3M","FR","PR",130,23,26,0,6,0.545454545454545
"65-FH","FH","65","3M","FR","PR",130,26,30,0,6,0.545454545454545
"65-FH","FH","65","3M","FR","PR",130,30,34,0,6,0.545454545454545
"65-FH","FH","65","3M","FR","PR",130,34,37,0,6,0.545454545454545
"65-FH","FH","65","3M","FR","PR",130,37,41,0,6,0.545454545454545
"65-FH","FH","65","3M","FR","PR",130,41,43,0,6,0.545454545454545
"65-FH","FH","65","3M","FR","PR",130,43,Inf,5,NA,NA
"66-FH","FH","66","C","RT","NS",132,0,1,0,0,0
"66-FH","FH","66","C","RT","NS",132,1,6,0,0,0
"66-FH","FH","66","C","RT","NS",132,6,9,5,5,0.416666666666667
"66-FH","FH","66","C","RT","NS",132,9,12,0,5,0.416666666666667
"66-FH","FH","66","C","RT","NS",132,12,14,0,5,0.416666666666667
"66-FH","FH","66","C","RT","NS",132,14,16,0,5,0.416666666666667
"66-FH","FH","66","C","RT","NS",132,16,19,0,5,0.416666666666667
"66-FH","FH","66","C","RT","NS",132,19,21,0,5,0.416666666666667
"66-FH","FH","66","C","RT","NS",132,21,23,0,5,0.416666666666667
"66-FH","FH","66","C","RT","NS",132,23,26,0,5,0.416666666666667
"66-FH","FH","66","C","RT","NS",132,26,30,0,5,0.416666666666667
"66-FH","FH","66","C","RT","NS",132,30,34,0,5,0.416666666666667
"66-FH","FH","66","C","RT","NS",132,34,37,0,5,0.416666666666667
"66-FH","FH","66","C","RT","NS",132,37,41,0,5,0.416666666666667
"66-FH","FH","66","C","RT","NS",132,41,43,0,5,0.416666666666667
"66-FH","FH","66","C","RT","NS",132,43,Inf,7,NA,NA
"67-FH","FH","67","3M","FR","PR",134,0,1,0,0,0
"67-FH","FH","67","3M","FR","PR",134,1,6,4,4,0.333333333333333
"67-FH","FH","67","3M","FR","PR",134,6,9,3,7,0.583333333333333
"67-FH","FH","67","3M","FR","PR",134,9,12,0,7,0.583333333333333
"67-FH","FH","67","3M","FR","PR",134,12,14,1,8,0.666666666666667
"67-FH","FH","67","3M","FR","PR",134,14,16,0,8,0.666666666666667
"67-FH","FH","67","3M","FR","PR",134,16,19,0,8,0.666666666666667
"67-FH","FH","67","3M","FR","PR",134,19,21,0,8,0.666666666666667
"67-FH","FH","67","3M","FR","PR",134,21,23,0,8,0.666666666666667
"67-FH","FH","67","3M","FR","PR",134,23,26,0,8,0.666666666666667
"67-FH","FH","67","3M","FR","PR",134,26,30,0,8,0.666666666666667
"67-FH","FH","67","3M","FR","PR",134,30,34,0,8,0.666666666666667
"67-FH","FH","67","3M","FR","PR",134,34,37,0,8,0.666666666666667
"67-FH","FH","67","3M","FR","PR",134,37,41,0,8,0.666666666666667
"67-FH","FH","67","3M","FR","PR",134,41,43,0,8,0.666666666666667
"67-FH","FH","67","3M","FR","PR",134,43,Inf,4,NA,NA
"68-FH","FH","68","1M","FR","PR",136,0,1,0,0,0
"68-FH","FH","68","1M","FR","PR",136,1,6,1,1,0.0625
"68-FH","FH","68","1M","FR","PR",136,6,9,6,7,0.4375
"68-FH","FH","68","1M","FR","PR",136,9,12,3,10,0.625
"68-FH","FH","68","1M","FR","PR",136,12,14,0,10,0.625
"68-FH","FH","68","1M","FR","PR",136,14,16,0,10,0.625
"68-FH","FH","68","1M","FR","PR",136,16,19,0,10,0.625
"68-FH","FH","68","1M","FR","PR",136,19,21,0,10,0.625
"68-FH","FH","68","1M","FR","PR",136,21,23,0,10,0.625
"68-FH","FH","68","1M","FR","PR",136,23,26,0,10,0.625
"68-FH","FH","68","1M","FR","PR",136,26,30,0,10,0.625
"68-FH","FH","68","1M","FR","PR",136,30,34,0,10,0.625
"68-FH","FH","68","1M","FR","PR",136,34,37,0,10,0.625
"68-FH","FH","68","1M","FR","PR",136,37,41,0,10,0.625
"68-FH","FH","68","1M","FR","PR",136,41,43,0,10,0.625
"68-FH","FH","68","1M","FR","PR",136,43,Inf,6,NA,NA
"69-FH","FH","69","1M","FR","PO",138,0,1,0,0,0
"69-FH","FH","69","1M","FR","PO",138,1,6,1,1,0.0714285714285714
"69-FH","FH","69","1M","FR","PO",138,6,9,6,7,0.5
"69-FH","FH","69","1M","FR","PO",138,9,12,1,8,0.571428571428571
"69-FH","FH","69","1M","FR","PO",138,12,14,1,9,0.642857142857143
"69-FH","FH","69","1M","FR","PO",138,14,16,1,10,0.714285714285714
"69-FH","FH","69","1M","FR","PO",138,16,19,0,10,0.714285714285714
"69-FH","FH","69","1M","FR","PO",138,19,21,0,10,0.714285714285714
"69-FH","FH","69","1M","FR","PO",138,21,23,0,10,0.714285714285714
"69-FH","FH","69","1M","FR","PO",138,23,26,0,10,0.714285714285714
"69-FH","FH","69","1M","FR","PO",138,26,30,0,10,0.714285714285714
"69-FH","FH","69","1M","FR","PO",138,30,34,0,10,0.714285714285714
"69-FH","FH","69","1M","FR","PO",138,34,37,0,10,0.714285714285714
"69-FH","FH","69","1M","FR","PO",138,37,41,0,10,0.714285714285714
"69-FH","FH","69","1M","FR","PO",138,41,43,0,10,0.714285714285714
"69-FH","FH","69","1M","FR","PO",138,43,Inf,4,NA,NA
"70-FH","FH","70","1M","DF","PO",140,0,1,0,0,0
"70-FH","FH","70","1M","DF","PO",140,1,6,0,0,0
"70-FH","FH","70","1M","DF","PO",140,6,9,6,6,0.333333333333333
"70-FH","FH","70","1M","DF","PO",140,9,12,3,9,0.5
"70-FH","FH","70","1M","DF","PO",140,12,14,1,10,0.555555555555556
"70-FH","FH","70","1M","DF","PO",140,14,16,0,10,0.555555555555556
"70-FH","FH","70","1M","DF","PO",140,16,19,0,10,0.555555555555556
"70-FH","FH","70","1M","DF","PO",140,19,21,0,10,0.555555555555556
"70-FH","FH","70","1M","DF","PO",140,21,23,0,10,0.555555555555556
"70-FH","FH","70","1M","DF","PO",140,23,26,0,10,0.555555555555556
"70-FH","FH","70","1M","DF","PO",140,26,30,0,10,0.555555555555556
"70-FH","FH","70","1M","DF","PO",140,30,34,0,10,0.555555555555556
"70-FH","FH","70","1M","DF","PO",140,34,37,0,10,0.555555555555556
"70-FH","FH","70","1M","DF","PO",140,37,41,0,10,0.555555555555556
"70-FH","FH","70","1M","DF","PO",140,41,43,0,10,0.555555555555556
"70-FH","FH","70","1M","DF","PO",140,43,Inf,8,NA,NA
"71-FH","FH","71","3M","FR","PO",142,0,1,0,0,0
"71-FH","FH","71","3M","FR","PO",142,1,6,0,0,0
"71-FH","FH","71","3M","FR","PO",142,6,9,6,6,0.333333333333333
"71-FH","FH","71","3M","FR","PO",142,9,12,2,8,0.444444444444444
"71-FH","FH","71","3M","FR","PO",142,12,14,1,9,0.5
"71-FH","FH","71","3M","FR","PO",142,14,16,1,10,0.555555555555556
"71-FH","FH","71","3M","FR","PO",142,16,19,1,11,0.611111111111111
"71-FH","FH","71","3M","FR","PO",142,19,21,1,12,0.666666666666667
"71-FH","FH","71","3M","FR","PO",142,21,23,0,12,0.666666666666667
"71-FH","FH","71","3M","FR","PO",142,23,26,0,12,0.666666666666667
"71-FH","FH","71","3M","FR","PO",142,26,30,0,12,0.666666666666667
"71-FH","FH","71","3M","FR","PO",142,30,34,0,12,0.666666666666667
"71-FH","FH","71","3M","FR","PO",142,34,37,0,12,0.666666666666667
"71-FH","FH","71","3M","FR","PO",142,37,41,0,12,0.666666666666667
"71-FH","FH","71","3M","FR","PO",142,41,43,0,12,0.666666666666667
"71-FH","FH","71","3M","FR","PO",142,43,Inf,6,NA,NA
"72-FH","FH","72","1M","MF","PR",144,0,1,0,0,0
"72-FH","FH","72","1M","MF","PR",144,1,6,0,0,0
"72-FH","FH","72","1M","MF","PR",144,6,9,4,4,0.363636363636364
"72-FH","FH","72","1M","MF","PR",144,9,12,0,4,0.363636363636364
"72-FH","FH","72","1M","MF","PR",144,12,14,2,6,0.545454545454545
"72-FH","FH","72","1M","MF","PR",144,14,16,0,6,0.545454545454545
"72-FH","FH","72","1M","MF","PR",144,16,19,0,6,0.545454545454545
"72-FH","FH","72","1M","MF","PR",144,19,21,0,6,0.545454545454545
"72-FH","FH","72","1M","MF","PR",144,21,23,0,6,0.545454545454545
"72-FH","FH","72","1M","MF","PR",144,23,26,0,6,0.545454545454545
"72-FH","FH","72","1M","MF","PR",144,26,30,0,6,0.545454545454545
"72-FH","FH","72","1M","MF","PR",144,30,34,0,6,0.545454545454545
"72-FH","FH","72","1M","MF","PR",144,34,37,0,6,0.545454545454545
"72-FH","FH","72","1M","MF","PR",144,37,41,0,6,0.545454545454545
"72-FH","FH","72","1M","MF","PR",144,41,43,0,6,0.545454545454545
"72-FH","FH","72","1M","MF","PR",144,43,Inf,5,NA,NA
"73-FH","FH","73","5M","DF","PO",146,0,1,0,0,0
"73-FH","FH","73","5M","DF","PO",146,1,6,3,3,0.25
"73-FH","FH","73","5M","DF","PO",146,6,9,3,6,0.5
"73-FH","FH","73","5M","DF","PO",146,9,12,5,11,0.916666666666667
"73-FH","FH","73","5M","DF","PO",146,12,14,0,11,0.916666666666667
"73-FH","FH","73","5M","DF","PO",146,14,16,0,11,0.916666666666667
"73-FH","FH","73","5M","DF","PO",146,16,19,1,12,1
"73-FH","FH","73","5M","DF","PO",146,19,21,0,12,1
"73-FH","FH","73","5M","DF","PO",146,21,23,0,12,1
"73-FH","FH","73","5M","DF","PO",146,23,26,0,12,1
"73-FH","FH","73","5M","DF","PO",146,26,30,0,12,1
"73-FH","FH","73","5M","DF","PO",146,30,34,0,12,1
"73-FH","FH","73","5M","DF","PO",146,34,37,0,12,1
"73-FH","FH","73","5M","DF","PO",146,37,41,0,12,1
"73-FH","FH","73","5M","DF","PO",146,41,43,0,12,1
"73-FH","FH","73","5M","DF","PO",146,43,Inf,0,NA,NA
"74-FH","FH","74","3M","MF","PO",148,0,1,0,0,0
"74-FH","FH","74","3M","MF","PO",148,1,6,0,0,0
"74-FH","FH","74","3M","MF","PO",148,6,9,2,2,0.181818181818182
"74-FH","FH","74","3M","MF","PO",148,9,12,4,6,0.545454545454545
"74-FH","FH","74","3M","MF","PO",148,12,14,2,8,0.727272727272727
"74-FH","FH","74","3M","MF","PO",148,14,16,0,8,0.727272727272727
"74-FH","FH","74","3M","MF","PO",148,16,19,0,8,0.727272727272727
"74-FH","FH","74","3M","MF","PO",148,19,21,0,8,0.727272727272727
"74-FH","FH","74","3M","MF","PO",148,21,23,0,8,0.727272727272727
"74-FH","FH","74","3M","MF","PO",148,23,26,0,8,0.727272727272727
"74-FH","FH","74","3M","MF","PO",148,26,30,0,8,0.727272727272727
"74-FH","FH","74","3M","MF","PO",148,30,34,0,8,0.727272727272727
"74-FH","FH","74","3M","MF","PO",148,34,37,0,8,0.727272727272727
"74-FH","FH","74","3M","MF","PO",148,37,41,0,8,0.727272727272727
"74-FH","FH","74","3M","MF","PO",148,41,43,0,8,0.727272727272727
"74-FH","FH","74","3M","MF","PO",148,43,Inf,3,NA,NA
"75-FH","FH","75","3M","DF","NS",150,0,1,0,0,0
"75-FH","FH","75","3M","DF","NS",150,1,6,0,0,0
"75-FH","FH","75","3M","DF","NS",150,6,9,5,5,0.384615384615385
"75-FH","FH","75","3M","DF","NS",150,9,12,0,5,0.384615384615385
"75-FH","FH","75","3M","DF","NS",150,12,14,0,5,0.384615384615385
"75-FH","FH","75","3M","DF","NS",150,14,16,0,5,0.384615384615385
"75-FH","FH","75","3M","DF","NS",150,16,19,0,5,0.384615384615385
"75-FH","FH","75","3M","DF","NS",150,19,21,0,5,0.384615384615385
"75-FH","FH","75","3M","DF","NS",150,21,23,0,5,0.384615384615385
"75-FH","FH","75","3M","DF","NS",150,23,26,0,5,0.384615384615385
"75-FH","FH","75","3M","DF","NS",150,26,30,0,5,0.384615384615385
"75-FH","FH","75","3M","DF","NS",150,30,34,0,5,0.384615384615385
"75-FH","FH","75","3M","DF","NS",150,34,37,1,6,0.461538461538462
"75-FH","FH","75","3M","DF","NS",150,37,41,0,6,0.461538461538462
"75-FH","FH","75","3M","DF","NS",150,41,43,0,6,0.461538461538462
"75-FH","FH","75","3M","DF","NS",150,43,Inf,7,NA,NA
"76-FH","FH","76","5M","MF","PO",152,0,1,0,0,0
"76-FH","FH","76","5M","MF","PO",152,1,6,0,0,0
"76-FH","FH","76","5M","MF","PO",152,6,9,4,4,0.4
"76-FH","FH","76","5M","MF","PO",152,9,12,1,5,0.5
"76-FH","FH","76","5M","MF","PO",152,12,14,0,5,0.5
"76-FH","FH","76","5M","MF","PO",152,14,16,0,5,0.5
"76-FH","FH","76","5M","MF","PO",152,16,19,0,5,0.5
"76-FH","FH","76","5M","MF","PO",152,19,21,0,5,0.5
"76-FH","FH","76","5M","MF","PO",152,21,23,0,5,0.5
"76-FH","FH","76","5M","MF","PO",152,23,26,1,6,0.6
"76-FH","FH","76","5M","MF","PO",152,26,30,0,6,0.6
"76-FH","FH","76","5M","MF","PO",152,30,34,1,7,0.7
"76-FH","FH","76","5M","MF","PO",152,34,37,0,7,0.7
"76-FH","FH","76","5M","MF","PO",152,37,41,0,7,0.7
"76-FH","FH","76","5M","MF","PO",152,41,43,0,7,0.7
"76-FH","FH","76","5M","MF","PO",152,43,Inf,3,NA,NA
"77-FH","FH","77","5M","DF","PO",154,0,1,0,0,0
"77-FH","FH","77","5M","DF","PO",154,1,6,1,1,0.0833333333333333
"77-FH","FH","77","5M","DF","PO",154,6,9,5,6,0.5
"77-FH","FH","77","5M","DF","PO",154,9,12,2,8,0.666666666666667
"77-FH","FH","77","5M","DF","PO",154,12,14,0,8,0.666666666666667
"77-FH","FH","77","5M","DF","PO",154,14,16,0,8,0.666666666666667
"77-FH","FH","77","5M","DF","PO",154,16,19,0,8,0.666666666666667
"77-FH","FH","77","5M","DF","PO",154,19,21,1,9,0.75
"77-FH","FH","77","5M","DF","PO",154,21,23,0,9,0.75
"77-FH","FH","77","5M","DF","PO",154,23,26,0,9,0.75
"77-FH","FH","77","5M","DF","PO",154,26,30,0,9,0.75
"77-FH","FH","77","5M","DF","PO",154,30,34,0,9,0.75
"77-FH","FH","77","5M","DF","PO",154,34,37,0,9,0.75
"77-FH","FH","77","5M","DF","PO",154,37,41,0,9,0.75
"77-FH","FH","77","5M","DF","PO",154,41,43,0,9,0.75
"77-FH","FH","77","5M","DF","PO",154,43,Inf,3,NA,NA
"78-FH","FH","78","3M","MF","PO",156,0,1,0,0,0
"78-FH","FH","78","3M","MF","PO",156,1,6,0,0,0
"78-FH","FH","78","3M","MF","PO",156,6,9,9,9,0.5625
"78-FH","FH","78","3M","MF","PO",156,9,12,0,9,0.5625
"78-FH","FH","78","3M","MF","PO",156,12,14,1,10,0.625
"78-FH","FH","78","3M","MF","PO",156,14,16,0,10,0.625
"78-FH","FH","78","3M","MF","PO",156,16,19,0,10,0.625
"78-FH","FH","78","3M","MF","PO",156,19,21,0,10,0.625
"78-FH","FH","78","3M","MF","PO",156,21,23,0,10,0.625
"78-FH","FH","78","3M","MF","PO",156,23,26,0,10,0.625
"78-FH","FH","78","3M","MF","PO",156,26,30,0,10,0.625
"78-FH","FH","78","3M","MF","PO",156,30,34,1,11,0.6875
"78-FH","FH","78","3M","MF","PO",156,34,37,0,11,0.6875
"78-FH","FH","78","3M","MF","PO",156,37,41,0,11,0.6875
"78-FH","FH","78","3M","MF","PO",156,41,43,0,11,0.6875
"78-FH","FH","78","3M","MF","PO",156,43,Inf,5,NA,NA
"79-FH","FH","79","5M","MF","NS",158,0,1,0,0,0
"79-FH","FH","79","5M","MF","NS",158,1,6,0,0,0
"79-FH","FH","79","5M","MF","NS",158,6,9,6,6,0.461538461538462
"79-FH","FH","79","5M","MF","NS",158,9,12,0,6,0.461538461538462
"79-FH","FH","79","5M","MF","NS",158,12,14,0,6,0.461538461538462
"79-FH","FH","79","5M","MF","NS",158,14,16,0,6,0.461538461538462
"79-FH","FH","79","5M","MF","NS",158,16,19,0,6,0.461538461538462
"79-FH","FH","79","5M","MF","NS",158,19,21,0,6,0.461538461538462
"79-FH","FH","79","5M","MF","NS",158,21,23,0,6,0.461538461538462
"79-FH","FH","79","5M","MF","NS",158,23,26,0,6,0.461538461538462
"79-FH","FH","79","5M","MF","NS",158,26,30,0,6,0.461538461538462
"79-FH","FH","79","5M","MF","NS",158,30,34,1,7,0.538461538461538
"79-FH","FH","79","5M","MF","NS",158,34,37,0,7,0.538461538461538
"79-FH","FH","79","5M","MF","NS",158,37,41,0,7,0.538461538461538
"79-FH","FH","79","5M","MF","NS",158,41,43,0,7,0.538461538461538
"79-FH","FH","79","5M","MF","NS",158,43,Inf,6,NA,NA
"80-FH","FH","80","3M","RT","PR",160,0,1,0,0,0
"80-FH","FH","80","3M","RT","PR",160,1,6,1,1,0.0833333333333333
"80-FH","FH","80","3M","RT","PR",160,6,9,4,5,0.416666666666667
"80-FH","FH","80","3M","RT","PR",160,9,12,2,7,0.583333333333333
"80-FH","FH","80","3M","RT","PR",160,12,14,0,7,0.583333333333333
"80-FH","FH","80","3M","RT","PR",160,14,16,0,7,0.583333333333333
"80-FH","FH","80","3M","RT","PR",160,16,19,0,7,0.583333333333333
"80-FH","FH","80","3M","RT","PR",160,19,21,0,7,0.583333333333333
"80-FH","FH","80","3M","RT","PR",160,21,23,0,7,0.583333333333333
"80-FH","FH","80","3M","RT","PR",160,23,26,0,7,0.583333333333333
"80-FH","FH","80","3M","RT","PR",160,26,30,0,7,0.583333333333333
"80-FH","FH","80","3M","RT","PR",160,30,34,0,7,0.583333333333333
"80-FH","FH","80","3M","RT","PR",160,34,37,0,7,0.583333333333333
"80-FH","FH","80","3M","RT","PR",160,37,41,0,7,0.583333333333333
"80-FH","FH","80","3M","RT","PR",160,41,43,0,7,0.583333333333333
"80-FH","FH","80","3M","RT","PR",160,43,Inf,5,NA,NA
"81-FH","FH","81","5M","FR","PO",162,0,1,0,0,0
"81-FH","FH","81","5M","FR","PO",162,1,6,0,0,0
"81-FH","FH","81","5M","FR","PO",162,6,9,9,9,0.692307692307692
"81-FH","FH","81","5M","FR","PO",162,9,12,0,9,0.692307692307692
"81-FH","FH","81","5M","FR","PO",162,12,14,1,10,0.769230769230769
"81-FH","FH","81","5M","FR","PO",162,14,16,1,11,0.846153846153846
"81-FH","FH","81","5M","FR","PO",162,16,19,0,11,0.846153846153846
"81-FH","FH","81","5M","FR","PO",162,19,21,0,11,0.846153846153846
"81-FH","FH","81","5M","FR","PO",162,21,23,0,11,0.846153846153846
"81-FH","FH","81","5M","FR","PO",162,23,26,0,11,0.846153846153846
"81-FH","FH","81","5M","FR","PO",162,26,30,0,11,0.846153846153846
"81-FH","FH","81","5M","FR","PO",162,30,34,0,11,0.846153846153846
"81-FH","FH","81","5M","FR","PO",162,34,37,0,11,0.846153846153846
"81-FH","FH","81","5M","FR","PO",162,37,41,0,11,0.846153846153846
"81-FH","FH","81","5M","FR","PO",162,41,43,0,11,0.846153846153846
"81-FH","FH","81","5M","FR","PO",162,43,Inf,2,NA,NA
"82-FH","FH","82","5M","MF","PR",164,0,1,0,0,0
"82-FH","FH","82","5M","MF","PR",164,1,6,0,0,0
"82-FH","FH","82","5M","MF","PR",164,6,9,3,3,0.272727272727273
"82-FH","FH","82","5M","MF","PR",164,9,12,2,5,0.454545454545455
"82-FH","FH","82","5M","MF","PR",164,12,14,0,5,0.454545454545455
"82-FH","FH","82","5M","MF","PR",164,14,16,0,5,0.454545454545455
"82-FH","FH","82","5M","MF","PR",164,16,19,0,5,0.454545454545455
"82-FH","FH","82","5M","MF","PR",164,19,21,0,5,0.454545454545455
"82-FH","FH","82","5M","MF","PR",164,21,23,0,5,0.454545454545455
"82-FH","FH","82","5M","MF","PR",164,23,26,0,5,0.454545454545455
"82-FH","FH","82","5M","MF","PR",164,26,30,0,5,0.454545454545455
"82-FH","FH","82","5M","MF","PR",164,30,34,0,5,0.454545454545455
"82-FH","FH","82","5M","MF","PR",164,34,37,0,5,0.454545454545455
"82-FH","FH","82","5M","MF","PR",164,37,41,0,5,0.454545454545455
"82-FH","FH","82","5M","MF","PR",164,41,43,0,5,0.454545454545455
"82-FH","FH","82","5M","MF","PR",164,43,Inf,6,NA,NA
"83-FH","FH","83","5M","FR","PR",166,0,1,0,0,0
"83-FH","FH","83","5M","FR","PR",166,1,6,0,0,0
"83-FH","FH","83","5M","FR","PR",166,6,9,8,8,0.666666666666667
"83-FH","FH","83","5M","FR","PR",166,9,12,1,9,0.75
"83-FH","FH","83","5M","FR","PR",166,12,14,1,10,0.833333333333333
"83-FH","FH","83","5M","FR","PR",166,14,16,0,10,0.833333333333333
"83-FH","FH","83","5M","FR","PR",166,16,19,0,10,0.833333333333333
"83-FH","FH","83","5M","FR","PR",166,19,21,0,10,0.833333333333333
"83-FH","FH","83","5M","FR","PR",166,21,23,0,10,0.833333333333333
"83-FH","FH","83","5M","FR","PR",166,23,26,0,10,0.833333333333333
"83-FH","FH","83","5M","FR","PR",166,26,30,0,10,0.833333333333333
"83-FH","FH","83","5M","FR","PR",166,30,34,0,10,0.833333333333333
"83-FH","FH","83","5M","FR","PR",166,34,37,0,10,0.833333333333333
"83-FH","FH","83","5M","FR","PR",166,37,41,0,10,0.833333333333333
"83-FH","FH","83","5M","FR","PR",166,41,43,0,10,0.833333333333333
"83-FH","FH","83","5M","FR","PR",166,43,Inf,2,NA,NA
"84-FH","FH","84","1M","MF","PO",168,0,1,0,0,0
"84-FH","FH","84","1M","MF","PO",168,1,6,1,1,0.0833333333333333
"84-FH","FH","84","1M","MF","PO",168,6,9,4,5,0.416666666666667
"84-FH","FH","84","1M","MF","PO",168,9,12,2,7,0.583333333333333
"84-FH","FH","84","1M","MF","PO",168,12,14,0,7,0.583333333333333
"84-FH","FH","84","1M","MF","PO",168,14,16,0,7,0.583333333333333
"84-FH","FH","84","1M","MF","PO",168,16,19,1,8,0.666666666666667
"84-FH","FH","84","1M","MF","PO",168,19,21,0,8,0.666666666666667
"84-FH","FH","84","1M","MF","PO",168,21,23,0,8,0.666666666666667
"84-FH","FH","84","1M","MF","PO",168,23,26,0,8,0.666666666666667
"84-FH","FH","84","1M","MF","PO",168,26,30,0,8,0.666666666666667
"84-FH","FH","84","1M","MF","PO",168,30,34,0,8,0.666666666666667
"84-FH","FH","84","1M","MF","PO",168,34,37,0,8,0.666666666666667
"84-FH","FH","84","1M","MF","PO",168,37,41,0,8,0.666666666666667
"84-FH","FH","84","1M","MF","PO",168,41,43,0,8,0.666666666666667
"84-FH","FH","84","1M","MF","PO",168,43,Inf,4,NA,NA
"85-FH","FH","85","1M","FR","NS",170,0,1,0,0,0
"85-FH","FH","85","1M","FR","NS",170,1,6,1,1,0.0833333333333333
"85-FH","FH","85","1M","FR","NS",170,6,9,6,7,0.583333333333333
"85-FH","FH","85","1M","FR","NS",170,9,12,3,10,0.833333333333333
"85-FH","FH","85","1M","FR","NS",170,12,14,0,10,0.833333333333333
"85-FH","FH","85","1M","FR","NS",170,14,16,0,10,0.833333333333333
"85-FH","FH","85","1M","FR","NS",170,16,19,0,10,0.833333333333333
"85-FH","FH","85","1M","FR","NS",170,19,21,0,10,0.833333333333333
"85-FH","FH","85","1M","FR","NS",170,21,23,0,10,0.833333333333333
"85-FH","FH","85","1M","FR","NS",170,23,26,0,10,0.833333333333333
"85-FH","FH","85","1M","FR","NS",170,26,30,0,10,0.833333333333333
"85-FH","FH","85","1M","FR","NS",170,30,34,0,10,0.833333333333333
"85-FH","FH","85","1M","FR","NS",170,34,37,0,10,0.833333333333333
"85-FH","FH","85","1M","FR","NS",170,37,41,0,10,0.833333333333333
"85-FH","FH","85","1M","FR","NS",170,41,43,0,10,0.833333333333333
"85-FH","FH","85","1M","FR","NS",170,43,Inf,2,NA,NA
"86-FH","FH","86","1M","FR","PR",172,0,1,0,0,0
"86-FH","FH","86","1M","FR","PR",172,1,6,0,0,0
"86-FH","FH","86","1M","FR","PR",172,6,9,1,1,0.0769230769230769
"86-FH","FH","86","1M","FR","PR",172,9,12,4,5,0.384615384615385
"86-FH","FH","86","1M","FR","PR",172,12,14,0,5,0.384615384615385
"86-FH","FH","86","1M","FR","PR",172,14,16,0,5,0.384615384615385
"86-FH","FH","86","1M","FR","PR",172,16,19,0,5,0.384615384615385
"86-FH","FH","86","1M","FR","PR",172,19,21,0,5,0.384615384615385
"86-FH","FH","86","1M","FR","PR",172,21,23,0,5,0.384615384615385
"86-FH","FH","86","1M","FR","PR",172,23,26,0,5,0.384615384615385
"86-FH","FH","86","1M","FR","PR",172,26,30,0,5,0.384615384615385
"86-FH","FH","86","1M","FR","PR",172,30,34,0,5,0.384615384615385
"86-FH","FH","86","1M","FR","PR",172,34,37,0,5,0.384615384615385
"86-FH","FH","86","1M","FR","PR",172,37,41,0,5,0.384615384615385
"86-FH","FH","86","1M","FR","PR",172,41,43,0,5,0.384615384615385
"86-FH","FH","86","1M","FR","PR",172,43,Inf,8,NA,NA
"87-FH","FH","87","1M","RT","PR",174,0,1,0,0,0
"87-FH","FH","87","1M","RT","PR",174,1,6,0,0,0
"87-FH","FH","87","1M","RT","PR",174,6,9,6,6,0.428571428571429
"87-FH","FH","87","1M","RT","PR",174,9,12,2,8,0.571428571428571
"87-FH","FH","87","1M","RT","PR",174,12,14,0,8,0.571428571428571
"87-FH","FH","87","1M","RT","PR",174,14,16,0,8,0.571428571428571
"87-FH","FH","87","1M","RT","PR",174,16,19,0,8,0.571428571428571
"87-FH","FH","87","1M","RT","PR",174,19,21,0,8,0.571428571428571
"87-FH","FH","87","1M","RT","PR",174,21,23,0,8,0.571428571428571
"87-FH","FH","87","1M","RT","PR",174,23,26,0,8,0.571428571428571
"87-FH","FH","87","1M","RT","PR",174,26,30,0,8,0.571428571428571
"87-FH","FH","87","1M","RT","PR",174,30,34,0,8,0.571428571428571
"87-FH","FH","87","1M","RT","PR",174,34,37,0,8,0.571428571428571
"87-FH","FH","87","1M","RT","PR",174,37,41,0,8,0.571428571428571
"87-FH","FH","87","1M","RT","PR",174,41,43,0,8,0.571428571428571
"87-FH","FH","87","1M","RT","PR",174,43,Inf,6,NA,NA
"88-FH","FH","88","3M","DF","NS",176,0,1,0,0,0
"88-FH","FH","88","3M","DF","NS",176,1,6,3,3,0.214285714285714
"88-FH","FH","88","3M","DF","NS",176,6,9,7,10,0.714285714285714
"88-FH","FH","88","3M","DF","NS",176,9,12,4,14,1
"88-FH","FH","88","3M","DF","NS",176,12,14,0,14,1
"88-FH","FH","88","3M","DF","NS",176,14,16,0,14,1
"88-FH","FH","88","3M","DF","NS",176,16,19,0,14,1
"88-FH","FH","88","3M","DF","NS",176,19,21,0,14,1
"88-FH","FH","88","3M","DF","NS",176,21,23,0,14,1
"88-FH","FH","88","3M","DF","NS",176,23,26,0,14,1
"88-FH","FH","88","3M","DF","NS",176,26,30,0,14,1
"88-FH","FH","88","3M","DF","NS",176,30,34,0,14,1
"88-FH","FH","88","3M","DF","NS",176,34,37,0,14,1
"88-FH","FH","88","3M","DF","NS",176,37,41,0,14,1
"88-FH","FH","88","3M","DF","NS",176,41,43,0,14,1
"88-FH","FH","88","3M","DF","NS",176,43,Inf,0,NA,NA
"89-FH","FH","89","5M","RT","PR",178,0,1,0,0,0
"89-FH","FH","89","5M","RT","PR",178,1,6,0,0,0
"89-FH","FH","89","5M","RT","PR",178,6,9,3,3,0.214285714285714
"89-FH","FH","89","5M","RT","PR",178,9,12,4,7,0.5
"89-FH","FH","89","5M","RT","PR",178,12,14,1,8,0.571428571428571
"89-FH","FH","89","5M","RT","PR",178,14,16,0,8,0.571428571428571
"89-FH","FH","89","5M","RT","PR",178,16,19,2,10,0.714285714285714
"89-FH","FH","89","5M","RT","PR",178,19,21,0,10,0.714285714285714
"89-FH","FH","89","5M","RT","PR",178,21,23,0,10,0.714285714285714
"89-FH","FH","89","5M","RT","PR",178,23,26,0,10,0.714285714285714
"89-FH","FH","89","5M","RT","PR",178,26,30,0,10,0.714285714285714
"89-FH","FH","89","5M","RT","PR",178,30,34,0,10,0.714285714285714
"89-FH","FH","89","5M","RT","PR",178,34,37,0,10,0.714285714285714
"89-FH","FH","89","5M","RT","PR",178,37,41,0,10,0.714285714285714
"89-FH","FH","89","5M","RT","PR",178,41,43,0,10,0.714285714285714
"89-FH","FH","89","5M","RT","PR",178,43,Inf,4,NA,NA
"90-FH","FH","90","5M","FR","PR",180,0,1,0,0,0
"90-FH","FH","90","5M","FR","PR",180,1,6,0,0,0
"90-FH","FH","90","5M","FR","PR",180,6,9,4,4,0.333333333333333
"90-FH","FH","90","5M","FR","PR",180,9,12,2,6,0.5
"90-FH","FH","90","5M","FR","PR",180,12,14,0,6,0.5
"90-FH","FH","90","5M","FR","PR",180,14,16,1,7,0.583333333333333
"90-FH","FH","90","5M","FR","PR",180,16,19,0,7,0.583333333333333
"90-FH","FH","90","5M","FR","PR",180,19,21,1,8,0.666666666666667
"90-FH","FH","90","5M","FR","PR",180,21,23,0,8,0.666666666666667
"90-FH","FH","90","5M","FR","PR",180,23,26,0,8,0.666666666666667
"90-FH","FH","90","5M","FR","PR",180,26,30,0,8,0.666666666666667
"90-FH","FH","90","5M","FR","PR",180,30,34,0,8,0.666666666666667
"90-FH","FH","90","5M","FR","PR",180,34,37,0,8,0.666666666666667
"90-FH","FH","90","5M","FR","PR",180,37,41,0,8,0.666666666666667
"90-FH","FH","90","5M","FR","PR",180,41,43,0,8,0.666666666666667
"90-FH","FH","90","5M","FR","PR",180,43,Inf,4,NA,NA
"91-FH","FH","91","5M","DF","NS",182,0,1,0,0,0
"91-FH","FH","91","5M","DF","NS",182,1,6,0,0,0
"91-FH","FH","91","5M","DF","NS",182,6,9,6,6,0.545454545454545
"91-FH","FH","91","5M","DF","NS",182,9,12,0,6,0.545454545454545
"91-FH","FH","91","5M","DF","NS",182,12,14,1,7,0.636363636363636
"91-FH","FH","91","5M","DF","NS",182,14,16,1,8,0.727272727272727
"91-FH","FH","91","5M","DF","NS",182,16,19,0,8,0.727272727272727
"91-FH","FH","91","5M","DF","NS",182,19,21,0,8,0.727272727272727
"91-FH","FH","91","5M","DF","NS",182,21,23,0,8,0.727272727272727
"91-FH","FH","91","5M","DF","NS",182,23,26,0,8,0.727272727272727
"91-FH","FH","91","5M","DF","NS",182,26,30,0,8,0.727272727272727
"91-FH","FH","91","5M","DF","NS",182,30,34,0,8,0.727272727272727
"91-FH","FH","91","5M","DF","NS",182,34,37,0,8,0.727272727272727
"91-FH","FH","91","5M","DF","NS",182,37,41,0,8,0.727272727272727
"91-FH","FH","91","5M","DF","NS",182,41,43,0,8,0.727272727272727
"91-FH","FH","91","5M","DF","NS",182,43,Inf,3,NA,NA
"92-FH","FH","92","5M","DF","NS",184,0,1,0,0,0
"92-FH","FH","92","5M","DF","NS",184,1,6,0,0,0
"92-FH","FH","92","5M","DF","NS",184,6,9,6,6,0.375
"92-FH","FH","92","5M","DF","NS",184,9,12,2,8,0.5
"92-FH","FH","92","5M","DF","NS",184,12,14,0,8,0.5
"92-FH","FH","92","5M","DF","NS",184,14,16,0,8,0.5
"92-FH","FH","92","5M","DF","NS",184,16,19,2,10,0.625
"92-FH","FH","92","5M","DF","NS",184,19,21,0,10,0.625
"92-FH","FH","92","5M","DF","NS",184,21,23,0,10,0.625
"92-FH","FH","92","5M","DF","NS",184,23,26,0,10,0.625
"92-FH","FH","92","5M","DF","NS",184,26,30,1,11,0.6875
"92-FH","FH","92","5M","DF","NS",184,30,34,0,11,0.6875
"92-FH","FH","92","5M","DF","NS",184,34,37,0,11,0.6875
"92-FH","FH","92","5M","DF","NS",184,37,41,0,11,0.6875
"92-FH","FH","92","5M","DF","NS",184,41,43,0,11,0.6875
"92-FH","FH","92","5M","DF","NS",184,43,Inf,5,NA,NA
"93-FH","FH","93","C","RT","NS",186,0,1,0,0,0
"93-FH","FH","93","C","RT","NS",186,1,6,1,1,0.0714285714285714
"93-FH","FH","93","C","RT","NS",186,6,9,4,5,0.357142857142857
"93-FH","FH","93","C","RT","NS",186,9,12,1,6,0.428571428571429
"93-FH","FH","93","C","RT","NS",186,12,14,0,6,0.428571428571429
"93-FH","FH","93","C","RT","NS",186,14,16,1,7,0.5
"93-FH","FH","93","C","RT","NS",186,16,19,1,8,0.571428571428571
"93-FH","FH","93","C","RT","NS",186,19,21,0,8,0.571428571428571
"93-FH","FH","93","C","RT","NS",186,21,23,1,9,0.642857142857143
"93-FH","FH","93","C","RT","NS",186,23,26,0,9,0.642857142857143
"93-FH","FH","93","C","RT","NS",186,26,30,0,9,0.642857142857143
"93-FH","FH","93","C","RT","NS",186,30,34,0,9,0.642857142857143
"93-FH","FH","93","C","RT","NS",186,34,37,0,9,0.642857142857143
"93-FH","FH","93","C","RT","NS",186,37,41,0,9,0.642857142857143
"93-FH","FH","93","C","RT","NS",186,41,43,0,9,0.642857142857143
"93-FH","FH","93","C","RT","NS",186,43,Inf,5,NA,NA
"94-FH","FH","94","3M","MF","NS",188,0,1,0,0,0
"94-FH","FH","94","3M","MF","NS",188,1,6,2,2,0.2
"94-FH","FH","94","3M","MF","NS",188,6,9,5,7,0.7
"94-FH","FH","94","3M","MF","NS",188,9,12,2,9,0.9
"94-FH","FH","94","3M","MF","NS",188,12,14,0,9,0.9
"94-FH","FH","94","3M","MF","NS",188,14,16,0,9,0.9
"94-FH","FH","94","3M","MF","NS",188,16,19,0,9,0.9
"94-FH","FH","94","3M","MF","NS",188,19,21,0,9,0.9
"94-FH","FH","94","3M","MF","NS",188,21,23,0,9,0.9
"94-FH","FH","94","3M","MF","NS",188,23,26,0,9,0.9
"94-FH","FH","94","3M","MF","NS",188,26,30,0,9,0.9
"94-FH","FH","94","3M","MF","NS",188,30,34,0,9,0.9
"94-FH","FH","94","3M","MF","NS",188,34,37,0,9,0.9
"94-FH","FH","94","3M","MF","NS",188,37,41,0,9,0.9
"94-FH","FH","94","3M","MF","NS",188,41,43,0,9,0.9
"94-FH","FH","94","3M","MF","NS",188,43,Inf,1,NA,NA
"95-FH","FH","95","5M","DF","PR",190,0,1,0,0,0
"95-FH","FH","95","5M","DF","PR",190,1,6,0,0,0
"95-FH","FH","95","5M","DF","PR",190,6,9,4,4,0.363636363636364
"95-FH","FH","95","5M","DF","PR",190,9,12,1,5,0.454545454545455
"95-FH","FH","95","5M","DF","PR",190,12,14,0,5,0.454545454545455
"95-FH","FH","95","5M","DF","PR",190,14,16,0,5,0.454545454545455
"95-FH","FH","95","5M","DF","PR",190,16,19,0,5,0.454545454545455
"95-FH","FH","95","5M","DF","PR",190,19,21,0,5,0.454545454545455
"95-FH","FH","95","5M","DF","PR",190,21,23,0,5,0.454545454545455
"95-FH","FH","95","5M","DF","PR",190,23,26,0,5,0.454545454545455
"95-FH","FH","95","5M","DF","PR",190,26,30,0,5,0.454545454545455
"95-FH","FH","95","5M","DF","PR",190,30,34,0,5,0.454545454545455
"95-FH","FH","95","5M","DF","PR",190,34,37,0,5,0.454545454545455
"95-FH","FH","95","5M","DF","PR",190,37,41,0,5,0.454545454545455
"95-FH","FH","95","5M","DF","PR",190,41,43,0,5,0.454545454545455
"95-FH","FH","95","5M","DF","PR",190,43,Inf,6,NA,NA
"96-FH","FH","96","C","RT","PO",192,0,1,0,0,0
"96-FH","FH","96","C","RT","PO",192,1,6,5,5,0.3125
"96-FH","FH","96","C","RT","PO",192,6,9,9,14,0.875
"96-FH","FH","96","C","RT","PO",192,9,12,1,15,0.9375
"96-FH","FH","96","C","RT","PO",192,12,14,0,15,0.9375
"96-FH","FH","96","C","RT","PO",192,14,16,0,15,0.9375
"96-FH","FH","96","C","RT","PO",192,16,19,0,15,0.9375
"96-FH","FH","96","C","RT","PO",192,19,21,0,15,0.9375
"96-FH","FH","96","C","RT","PO",192,21,23,0,15,0.9375
"96-FH","FH","96","C","RT","PO",192,23,26,0,15,0.9375
"96-FH","FH","96","C","RT","PO",192,26,30,0,15,0.9375
"96-FH","FH","96","C","RT","PO",192,30,34,0,15,0.9375
"96-FH","FH","96","C","RT","PO",192,34,37,0,15,0.9375
"96-FH","FH","96","C","RT","PO",192,37,41,0,15,0.9375
"96-FH","FH","96","C","RT","PO",192,41,43,0,15,0.9375
"96-FH","FH","96","C","RT","PO",192,43,Inf,1,NA,NA
